10:+:100550118:+	17.02
10:+:100553917:+	48.92
10:+:100559019:+	91.78
10:+:100963719:+	56.53
10:+:100965132:+	99.88
10:+:101554221:+	25.59
10:+:101557324:+	100.0
10:+:1017706:+	22.08
10:+:1019913:+	99.2
10:+:102162599:+	27.78
10:+:102163870:+	100.0
10:+:102739171:+	25.88
10:+:102743490:+	99.97
10:+:110286634:+	71.24
10:+:110287360:+	99.8
10:+:110838259:+	66.41
10:+:110839468:+	99.97
10:+:112815437:+	4.28
10:+:112818742:+	99.94
10:+:113908885:+	6.8
10:+:113917190:+	99.96
10:+:117548809:+	50.27
10:+:117549545:+	99.93
10:+:119940968:+	9.4
10:+:119942145:+	38.3
10:+:122430286:+	5.11
10:+:122432344:+	20.96
10:+:122442599:+	99.98
10:+:125841391:+	8.78
10:+:125842815:+	100.0
10:+:130180376:+	9.53
10:+:130182869:+	99.57
10:+:131956241:+	13.44
10:+:131956547:+	20.81
10:+:131959833:+	99.98
10:+:13209839:+	37.1
10:+:13211109:+	100.0
10:+:17715371:+	60.33
10:+:17715916:+	100.0
10:+:21743318:+	79.54
10:+:21743673:+	100.0
10:+:23120970:+	16.96
10:+:23121916:+	92.28
10:+:24545271:+	10.16
10:+:24547842:+	99.97
10:+:25025517:+	67.13
10:+:25026662:+	99.94
10:+:31527319:+	20.62
10:+:31529804:+	99.71
10:+:38054498:+	2.18
10:+:38060053:+	99.82
10:+:45792601:+	48.51
10:+:45792963:+	100.0
10:+:58287858:+	14.71
10:+:58289583:+	99.85
10:+:6115751:+	14.91
10:+:6116831:+	68.78
10:+:6117443:+	99.3
10:+:68791412:+	17.59
10:+:68792375:+	99.83
10:+:70423849:+	30.91
10:+:70428616:+	99.97
10:+:74120190:+	64.89
10:+:74121362:+	99.97
10:+:74708569:+	25.43
10:+:74709289:+	98.98
10:+:79354669:+	58.58
10:+:79355350:+	100.0
10:+:84217363:+	71.12
10:+:84218693:+	99.93
10:+:87553079:+	72.37
10:+:87553460:+	100.0
10:+:89774213:+	25.08
10:+:89774933:+	99.38
10:+:91278665:+	6.54
10:+:91281001:+	45.04
10:+:91284336:+	100.0
10:+:91513071:+	31.53
10:+:91514773:+	97.93
10:+:92351854:+	26.58
10:+:92353964:+	100.0
10:+:92653857:+	11.15
10:+:92655393:+	99.88
10:-:102673733:-	99.94
10:-:102676636:-	9.53
10:-:104309698:-	100.0
10:-:104312126:-	61.87
10:-:112149866:-	99.95
10:-:112153243:-	11.15
10:-:114161610:-	99.88
10:-:114162654:-	39.26
10:-:116056939:-	99.82
10:-:116064370:-	2.3
10:-:118676412:-	99.99
10:-:118680988:-	53.09
10:-:118681504:-	47.81
10:-:121478334:-	100.0
10:-:121479373:-	38.45
10:-:121479730:-	17.3
10:-:12165331:-	99.76
10:-:12167464:-	13.99
10:-:122990802:-	100.0
10:-:122993766:-	24.43
10:-:131966444:-	100.0
10:-:131967685:-	41.63
10:-:131968119:-	21.21
10:-:133278637:-	99.45
10:-:133279641:-	20.52
10:-:13643689:-	100.0
10:-:13645892:-	34.18
10:-:15778176:-	99.38
10:-:15778853:-	29.73
10:-:16590614:-	99.9
10:-:16592964:-	18.47
10:-:20779976:-	99.95
10:-:20785671:-	4.25
10:-:27110112:-	100.0
10:-:27111739:-	19.01
10:-:274202:-	99.88
10:-:276959:-	18.31
10:-:30012806:-	99.88
10:-:30017239:-	13.27
10:-:30309786:-	100.0
10:-:30312811:-	27.74
10:-:31805438:-	99.96
10:-:31806294:-	64.23
10:-:32009018:-	99.68
10:-:32011381:-	5.42
10:-:32267758:-	99.49
10:-:32268782:-	25.56
10:-:3775997:-	99.97
10:-:3776704:-	80.31
10:-:50305586:-	100.0
10:-:50306937:-	22.18
10:-:60869410:-	100.0
10:-:60871171:-	21.45
10:-:63167230:-	99.02
10:-:63167730:-	44.31
10:-:68414065:-	99.9
10:-:68414381:-	69.64
10:-:70137983:-	99.91
10:-:70139213:-	42.99
10:-:70147290:-	99.98
10:-:70150193:-	45.25
10:-:70152437:-	2.94
10:-:72096032:-	100.0
10:-:72096522:-	65.47
10:-:72097125:-	22.97
10:-:73133659:-	99.74
10:-:73134525:-	24.96
10:-:73436435:-	99.65
10:-:73436806:-	81.03
10:-:74120258:-	99.92
10:-:74121753:-	59.03
10:-:80150893:-	99.92
10:-:80155598:-	6.27
10:-:806914:-	100.0
10:-:809544:-	58.25
10:-:811790:-	22.6
10:-:86435244:-	100.0
10:-:86436989:-	26.22
10:-:92451899:-	92.47
10:-:92454258:-	9.87
10:-:93667884:-	99.95
10:-:93669681:-	9.47
10:-:95311774:-	99.91
10:-:95312622:-	74.64
10:-:98416214:-	98.95
10:-:98417017:-	46.44
11:+:106096988:+	12.5
11:+:106098693:+	99.14
11:+:108104522:+	9.28
11:+:108104836:+	18.04
11:+:108107775:+	99.97
11:+:110166372:+	27.1
11:+:110171839:+	100.0
11:+:110462564:+	8.23
11:+:110464916:+	100.0
11:+:111726050:+	34.72
11:+:111730851:+	99.97
11:+:117168098:+	18.69
11:+:117171043:+	99.86
11:+:118409160:+	18.81
11:+:118409855:+	100.0
11:+:120229940:+	73.19
11:+:120230333:+	100.0
11:+:121088062:+	32.14
11:+:121090775:+	100.0
11:+:124632435:+	12.66
11:+:124634710:+	96.61
11:+:12528265:+	14.12
11:+:12530774:+	99.09
11:+:125620994:+	9.61
11:+:125622765:+	85.95
11:+:125655744:+	27.07
11:+:125657137:+	99.58
11:+:130143691:+	23.66
11:+:130144804:+	100.0
11:+:20508923:+	65.26
11:+:20509228:+	97.37
11:+:32602480:+	5.07
11:+:32605997:+	93.35
11:+:32977002:+	16.92
11:+:32980286:+	100.0
11:+:34097909:+	15.58
11:+:34098753:+	77.59
11:+:35229468:+	10.34
11:+:35230026:+	27.32
11:+:35232415:+	100.0
11:+:35811052:+	40.3
11:+:35818006:+	99.99
11:+:44244931:+	61.32
11:+:44245424:+	99.92
11:+:57818445:+	66.12
11:+:57819539:+	99.78
11:+:61346944:+	20.54
11:+:61348858:+	86.72
11:+:62672376:+	24.44
11:+:62673681:+	99.65
11:+:63759121:+	55.84
11:+:63759885:+	100.0
11:+:63997659:+	29.15
11:+:63998412:+	99.72
11:+:65297616:+	31.74
11:+:65298677:+	99.49
11:+:73927725:+	11.47
11:+:73931128:+	100.0
11:+:74642733:+	86.25
11:+:74643079:+	100.0
11:+:74977052:+	9.01
11:+:74977744:+	40.83
11:+:74979031:+	100.0
11:+:75405767:+	11.85
11:+:75406897:+	98.77
11:+:77020589:+	4.84
11:+:77022742:+	37.84
11:+:77026750:+	99.28
11:+:7996175:+	3.9
11:+:8001856:+	99.9
11:+:83185055:+	13.6
11:+:83185804:+	40.61
11:+:94871160:+	7.79
11:+:94876747:+	99.98
11:+:95831729:+	42.26
11:+:95832691:+	100.0
11:+:9751821:+	62.6
11:+:9752990:+	99.97
11:-:10511678:-	100.0
11:-:10514708:-	10.59
11:-:108157330:-	93.63
11:-:108158629:-	21.66
11:-:115173634:-	40.22
11:-:115176276:-	4.31
11:-:117204748:-	79.65
11:-:117205074:-	63.51
11:-:125096607:-	94.82
11:-:125097014:-	60.79
11:-:126202099:-	99.68
11:-:126202414:-	79.54
11:-:128965238:-	97.08
11:-:128968764:-	39.28
11:-:14877421:-	100.0
11:-:14877991:-	35.01
11:-:30410227:-	89.71
11:-:30411344:-	16.03
11:-:33708678:-	100.0
11:-:33709892:-	27.13
11:-:36272293:-	99.96
11:-:36273960:-	32.77
11:-:3675020:-	99.27
11:-:3675872:-	36.94
11:-:47778102:-	98.65
11:-:47778509:-	61.91
11:-:62593215:-	99.88
11:-:62593570:-	56.95
11:-:63573327:-	92.87
11:-:63574777:-	14.58
11:-:6474685:-	99.92
11:-:6476506:-	29.51
11:-:64851644:-	99.94
11:-:64852736:-	65.98
11:-:65717675:-	99.91
11:-:65719601:-	9.78
11:-:66435080:-	99.52
11:-:66435839:-	26.4
11:-:6680780:-	100.0
11:-:6681868:-	32.96
11:-:77322011:-	81.62
11:-:77322976:-	23.28
11:-:82823570:-	95.81
11:-:82824322:-	49.41
11:-:839722:-	99.87
11:-:840205:-	36.32
11:-:868396:-	74.44
11:-:869763:-	9.25
11:-:9138817:-	100.0
11:-:9139504:-	33.82
11:-:93144175:-	99.91
11:-:93147686:-	24.8
11:-:94415559:-	100.0
11:-:94419885:-	6.42
11:-:94962621:-	100.0
11:-:94963377:-	15.44
12:+:101726565:+	36.46
12:+:101727027:+	98.39
12:+:104758111:+	22.96
12:+:104762012:+	99.96
12:+:106887282:+	40.4
12:+:106889314:+	99.94
12:+:107712412:+	28.44
12:+:107713172:+	100.0
12:+:109086397:+	30.97
12:+:109088025:+	99.96
12:+:120576845:+	25.47
12:+:120577587:+	99.3
12:+:123661290:+	45.86
12:+:123662618:+	100.0
12:+:123758278:+	9.18
12:+:123761760:+	100.0
12:+:125025815:+	13.22
12:+:125031228:+	99.95
12:+:130876283:+	22.38
12:+:130877677:+	100.0
12:+:131943812:+	11.62
12:+:131945893:+	99.87
12:+:132721315:+	31.02
12:+:132722730:+	99.81
12:+:14481319:+	19.2
12:+:14482577:+	95.4
12:+:21468995:+	17.84
12:+:21471191:+	97.78
12:+:21516201:+	19.45
12:+:21518388:+	99.27
12:+:22685271:+	6.71
12:+:22690693:+	100.0
12:+:26965702:+	53.53
12:+:26966663:+	100.0
12:+:27322720:+	10.82
12:+:27325955:+	99.89
12:+:27420638:+	4.97
12:+:27425289:+	100.0
12:+:27755460:+	25.13
12:+:27756260:+	96.95
12:+:27798169:+	8.54
12:+:27803039:+	99.98
12:+:2803956:+	35.46
12:+:2805409:+	99.38
12:+:28549268:+	18.66
12:+:28550165:+	99.91
12:+:29334072:+	22.08
12:+:29335628:+	100.0
12:+:32640762:+	8.43
12:+:32646048:+	99.97
12:+:4300211:+	6.41
12:+:4305350:+	100.0
12:+:4353163:+	38.73
12:+:4354576:+	99.27
12:+:43788046:+	47.76
12:+:43789541:+	100.0
12:+:45906540:+	51.72
12:+:45908036:+	99.87
12:+:49273331:+	45.9
12:+:49274599:+	99.83
12:+:50476122:+	13.27
12:+:50478006:+	55.15
12:+:50480024:+	100.0
12:+:53190812:+	43.34
12:+:53195142:+	100.0
12:+:53479763:+	20.32
12:+:53481167:+	100.0
12:+:55820531:+	16.73
12:+:55821885:+	100.0
12:+:55994731:+	57.44
12:+:55996682:+	99.98
12:+:56044229:+	19.93
12:+:56044675:+	100.0
12:+:56113148:+	31.23
12:+:56113866:+	100.0
12:+:57759415:+	46.23
12:+:57760404:+	99.84
12:+:57796736:+	39.69
12:+:57797587:+	100.0
12:+:63809107:+	48.11
12:+:63809574:+	100.0
12:+:64448646:+	17.93
12:+:64451120:+	99.77
12:+:65246985:+	38.04
12:+:65248327:+	100.0
12:+:65463417:+	6.99
12:+:65466919:+	100.0
12:+:67658902:+	21.65
12:+:67665405:+	99.99
12:+:6770422:+	5.55
12:+:6770950:+	100.0
12:+:68659665:+	3.06
12:+:68660603:+	10.49
12:+:68671900:+	99.99
12:+:68742531:+	5.1
12:+:68745823:+	100.0
12:+:88048462:+	11.88
12:+:88050159:+	99.95
12:+:88195990:+	22.83
12:+:88199886:+	99.98
12:+:909655:+	39.66
12:+:911451:+	99.97
12:+:95514342:+	31.32
12:+:95515857:+	100.0
12:+:98601598:+	4.61
12:+:98606377:+	99.96
12:-:101393119:-	100.0
12:-:101394655:-	39.81
12:-:101395322:-	13.68
12:-:102073097:-	100.0
12:-:102074229:-	17.43
12:-:103950745:-	99.44
12:-:103951204:-	47.92
12:-:104803498:-	66.07
12:-:104804955:-	13.75
12:-:106991367:-	99.53
12:-:106991879:-	19.28
12:-:109448649:-	100.0
12:-:109449978:-	58.01
12:-:109554446:-	79.15
12:-:109556557:-	17.06
12:-:109929804:-	100.0
12:-:109932601:-	17.42
12:-:110372908:-	99.44
12:-:110373479:-	59.62
12:-:110375455:-	100.0
12:-:110375929:-	37.8
12:-:112026690:-	99.97
12:-:112027785:-	63.04
12:-:112029329:-	10.96
12:-:113157174:-	100.0
12:-:113158493:-	31.87
12:-:122503455:-	100.0
12:-:122505232:-	21.09
12:-:123289099:-	100.0
12:-:123294697:-	19.48
12:-:123935640:-	99.19
12:-:123936409:-	64.37
12:-:124776855:-	100.0
12:-:124777630:-	55.25
12:-:132136597:-	99.89
12:-:132138777:-	19.3
12:-:132725500:-	100.0
12:-:132727133:-	16.0
12:-:21468917:-	99.58
12:-:21470149:-	13.79
12:-:280145:-	99.71
12:-:283786:-	33.92
12:-:284323:-	24.21
12:-:29500826:-	100.0
12:-:29505982:-	16.31
12:-:31451680:-	100.0
12:-:31451919:-	70.01
12:-:42081894:-	99.2
12:-:42087066:-	14.45
12:-:42312142:-	94.29
12:-:42312977:-	19.8
12:-:43718980:-	100.0
12:-:43728587:-	18.05
12:-:4487714:-	100.0
12:-:4489593:-	14.04
12:-:47076420:-	78.77
12:-:47077349:-	51.12
12:-:47661255:-	99.74
12:-:47663278:-	13.36
12:-:49836044:-	99.83
12:-:49837864:-	38.7
12:-:50129416:-	92.08
12:-:50129799:-	64.51
12:-:50985994:-	99.92
12:-:50987930:-	20.7
12:-:51093686:-	98.58
12:-:51094891:-	24.01
12:-:51186937:-	100.0
12:-:51189185:-	38.51
12:-:51351254:-	99.78
12:-:51351873:-	80.71
12:-:54180367:-	99.3
12:-:54181437:-	16.36
12:-:56416374:-	99.93
12:-:56417124:-	46.89
12:-:56417393:-	27.86
12:-:57747727:-	100.0
12:-:57748231:-	43.43
12:-:57819929:-	99.95
12:-:57822807:-	24.23
12:-:64192163:-	69.8
12:-:64193416:-	34.76
12:-:6650304:-	97.49
12:-:6650590:-	67.54
12:-:71656338:-	100.0
12:-:71656722:-	60.17
12:-:76351800:-	99.93
12:-:76355608:-	9.8
12:-:88136098:-	61.03
12:-:88136456:-	29.32
12:-:93406626:-	78.68
12:-:93408358:-	39.23
12:-:93409391:-	15.69
12:-:95020230:-	99.95
12:-:95021895:-	23.4
12:-:98624223:-	100.0
12:-:98625932:-	32.82
13:+:111280796:+	42.39
13:+:111281148:+	100.0
13:+:113534349:+	24.46
13:+:113535291:+	100.0
13:+:114305113:+	31.8
13:+:114305810:+	100.0
13:+:21177625:+	32.75
13:+:21178020:+	50.87
13:+:21179091:+	100.0
13:+:25331729:+	7.45
13:+:25336364:+	100.0
13:+:27666250:+	32.73
13:+:27667410:+	99.94
13:+:31329988:+	17.58
13:+:31332218:+	97.91
13:+:32775905:+	29.4
13:+:32778040:+	100.0
13:+:38360915:+	7.05
13:+:38363000:+	78.72
13:+:38363618:+	99.97
13:+:38885935:+	82.32
13:+:38887149:+	100.0
13:+:39048042:+	15.15
13:+:39050105:+	99.84
13:+:41083068:+	28.01
13:+:41083952:+	95.86
13:+:49207496:+	15.41
13:+:49209778:+	99.96
13:+:52475163:+	15.51
13:+:52476626:+	99.88
13:+:72755448:+	28.44
13:+:72756194:+	99.62
13:+:73016144:+	46.54
13:+:73016457:+	99.33
13:+:79552922:+	11.38
13:+:79556092:+	100.0
13:+:97467938:+	75.83
13:+:97469056:+	98.54
13:+:98448437:+	2.91
13:+:98449767:+	22.07
13:+:98452951:+	67.94
13:+:99563402:+	53.57
13:+:99564019:+	100.0
13:-:109752697:-	100.0
13:-:109753827:-	68.72
13:-:110148964:-	99.93
13:-:110150105:-	22.94
13:-:112485012:-	99.39
13:-:112485529:-	54.32
13:-:20777330:-	100.0
13:-:20779132:-	72.66
13:-:20783703:-	3.29
13:-:21153596:-	99.94
13:-:21153871:-	82.26
13:-:25246223:-	99.33
13:-:25247273:-	67.44
13:-:26212774:-	100.0
13:-:26213702:-	67.08
13:-:29764409:-	98.71
13:-:29765612:-	57.75
13:-:29766293:-	34.56
13:-:30202631:-	99.98
13:-:30208451:-	4.71
13:-:39009852:-	100.0
13:-:39011148:-	20.78
13:-:40555668:-	99.97
13:-:40558384:-	19.33
13:-:41252283:-	100.0
13:-:41252579:-	37.02
13:-:45954467:-	99.93
13:-:45956448:-	30.0
13:-:46775367:-	100.0
13:-:46777263:-	15.99
13:-:48075956:-	100.0
13:-:48076580:-	53.98
13:-:49912703:-	100.0
13:-:49914816:-	14.04
13:-:59665581:-	100.0
13:-:59666430:-	32.94
13:-:71437966:-	100.0
13:-:71440558:-	4.95
13:-:72752172:-	99.96
13:-:72758937:-	12.22
13:-:73686078:-	100.0
13:-:73694450:-	12.74
13:-:79311813:-	100.0
13:-:79314571:-	13.3
13:-:79319069:-	89.09
13:-:79320405:-	16.6
13:-:98445186:-	99.99
13:-:98450188:-	37.66
13:-:98451347:-	23.21
13:-:98452160:-	13.08
14:+:102342379:+	76.32
14:+:102342707:+	100.0
14:+:104719603:+	21.63
14:+:104722535:+	100.0
14:+:105395252:+	19.45
14:+:105398147:+	100.0
14:+:21089544:+	43.1
14:+:21090245:+	100.0
14:+:21497045:+	19.01
14:+:21499169:+	99.77
14:+:22612377:+	64.45
14:+:22612962:+	89.27
14:+:22771783:+	21.77
14:+:22772643:+	75.25
14:+:22834282:+	12.82
14:+:22835030:+	99.19
14:+:22878080:+	24.59
14:+:22881579:+	99.98
14:+:23098646:+	35.1
14:+:23100475:+	100.0
14:+:24378056:+	53.1
14:+:24379613:+	100.0
14:+:35081250:+	9.65
14:+:35083394:+	100.0
14:+:35870667:+	19.2
14:+:35871962:+	99.94
14:+:36676870:+	19.13
14:+:36677819:+	46.11
14:+:36679338:+	89.28
14:+:39182011:+	55.23
14:+:39183234:+	100.0
14:+:49783186:+	10.04
14:+:49786383:+	99.94
14:+:50632672:+	51.87
14:+:50633084:+	100.0
14:+:51256100:+	54.9
14:+:51257545:+	99.97
14:+:51967038:+	14.81
14:+:51967413:+	26.37
14:+:51969794:+	99.81
14:+:52004807:+	7.05
14:+:52009632:+	83.27
14:+:52727701:+	18.34
14:+:52728605:+	100.0
14:+:52771191:+	4.0
14:+:52775008:+	100.0
14:+:54538609:+	43.87
14:+:54539307:+	99.84
14:+:56297307:+	14.37
14:+:56301523:+	99.94
14:+:57290080:+	12.87
14:+:57298741:+	99.99
14:+:58234761:+	30.94
14:+:58235633:+	99.76
14:+:59369122:+	17.16
14:+:59371402:+	99.89
14:+:59504728:+	56.42
14:+:59505404:+	100.0
14:+:60285794:+	5.83
14:+:60288552:+	99.9
14:+:60293302:+	12.79
14:+:60299096:+	100.0
14:+:64460046:+	7.79
14:+:64463454:+	99.92
14:+:67383541:+	7.09
14:+:67383907:+	18.52
14:+:67386515:+	99.97
14:+:67651184:+	46.72
14:+:67651717:+	99.7
14:+:69242356:+	46.96
14:+:69243951:+	97.8
14:+:70030639:+	18.61
14:+:70032366:+	100.0
14:+:71110153:+	6.42
14:+:71115381:+	99.98
14:+:71739401:+	17.36
14:+:71741208:+	99.05
14:+:73220401:+	27.82
14:+:73223690:+	99.98
14:+:73963133:+	23.4
14:+:73963458:+	69.76
14:+:74495360:+	23.45
14:+:74496641:+	79.61
14:+:74736711:+	48.94
14:+:74738619:+	99.97
14:+:74821203:+	13.88
14:+:74822113:+	99.81
14:+:75009589:+	16.76
14:+:75012365:+	99.97
14:+:88877995:+	18.54
14:+:88881079:+	100.0
14:+:90033232:+	24.01
14:+:90033634:+	100.0
14:+:90043339:+	15.89
14:+:90044762:+	99.65
14:+:90272626:+	11.21
14:+:90275428:+	99.97
14:+:90405552:+	24.15
14:+:90408266:+	100.0
14:+:91225352:+	70.5
14:+:91225628:+	99.58
14:+:93227110:+	7.36
14:+:93229225:+	100.0
14:+:94279350:+	65.53
14:+:94279655:+	92.84
14:+:96532694:+	7.67
14:+:96534909:+	100.0
14:-:100333790:-	99.84
14:-:100334796:-	19.3
14:-:102080742:-	99.63
14:-:102081054:-	70.85
14:-:105140983:-	99.95
14:-:105141722:-	66.19
14:-:20286228:-	100.0
14:-:20289130:-	17.53
14:-:22893206:-	100.0
14:-:22900646:-	12.76
14:-:22986754:-	51.01
14:-:22987198:-	25.3
14:-:24809660:-	99.87
14:-:24812493:-	7.8
14:-:29576483:-	99.8
14:-:29576954:-	51.54
14:-:29577177:-	28.69
14:-:33924230:-	100.0
14:-:33924849:-	63.44
14:-:45115595:-	100.0
14:-:45115903:-	53.19
14:-:50418501:-	100.0
14:-:50419783:-	20.17
14:-:50719767:-	99.9
14:-:50723170:-	12.86
14:-:52004803:-	100.0
14:-:52005220:-	39.91
14:-:52639917:-	99.97
14:-:52643286:-	9.29
14:-:52775194:-	100.0
14:-:52778047:-	12.62
14:-:52857275:-	99.69
14:-:52858281:-	21.09
14:-:57200508:-	99.99
14:-:57204698:-	49.45
14:-:57206805:-	24.04
14:-:58003486:-	32.62
14:-:58004056:-	18.52
14:-:58004650:-	3.83
14:-:60144120:-	100.0
14:-:60144792:-	24.83
14:-:60709544:-	99.66
14:-:60713000:-	25.75
14:-:64478053:-	99.98
14:-:64486839:-	12.18
14:-:69050882:-	99.98
14:-:69051850:-	79.52
14:-:69053745:-	39.46
14:-:74285424:-	99.91
14:-:74285972:-	50.41
14:-:74903964:-	99.68
14:-:74905640:-	46.83
14:-:75013775:-	99.68
14:-:75016784:-	12.16
14:-:77274958:-	99.92
14:-:77277005:-	18.88
14:-:77505998:-	99.98
14:-:77512019:-	6.01
14:-:77672405:-	99.95
14:-:77673030:-	65.94
14:-:81471548:-	100.0
14:-:81472921:-	75.63
14:-:81475888:-	22.97
14:-:88465779:-	100.0
14:-:88467773:-	19.82
14:-:92936914:-	100.0
14:-:92939754:-	43.1
14:-:93237552:-	99.96
14:-:93242161:-	16.75
14:-:94048276:-	100.0
14:-:94050923:-	16.94
14:-:95086229:-	99.98
14:-:95090311:-	7.96
14:-:96279196:-	100.0
14:-:96281259:-	69.62
14:-:96284747:-	18.25
15:+:22825411:+	27.77
15:+:22829787:+	99.93
15:+:22867690:+	67.77
15:+:22868393:+	100.0
15:+:40418857:+	22.82
15:+:40421319:+	100.0
15:+:40574456:+	64.32
15:+:40574972:+	100.0
15:+:40662306:+	10.24
15:+:40664348:+	100.0
15:+:40731643:+	45.69
15:+:40732343:+	100.0
15:+:40857610:+	58.48
15:+:40858206:+	99.93
15:+:41769842:+	54.24
15:+:41773068:+	99.82
15:+:43195211:+	19.8
15:+:43197176:+	100.0
15:+:43405322:+	2.65
15:+:43409719:+	98.86
15:+:43771451:+	15.95
15:+:43772459:+	62.3
15:+:43773278:+	99.95
15:+:44718097:+	38.63
15:+:44718873:+	99.69
15:+:63264081:+	13.01
15:+:63267792:+	100.0
15:+:63305913:+	8.54
15:+:63309118:+	99.77
15:+:63591475:+	20.48
15:+:63594633:+	99.82
15:+:64154762:+	12.15
15:+:64157481:+	100.0
15:+:65888083:+	8.93
15:+:65889450:+	40.78
15:+:65891984:+	99.84
15:+:66549426:+	60.52
15:+:66550128:+	100.0
15:+:67526658:+	6.47
15:+:67530143:+	100.0
15:+:68291301:+	27.08
15:+:68295864:+	99.98
15:+:69455457:+	3.89
15:+:69456199:+	100.0
15:+:73303441:+	32.01
15:+:73305202:+	100.0
15:+:74898298:+	16.72
15:+:74899455:+	41.29
15:+:74902160:+	98.75
15:+:75049740:+	37.19
15:+:75050738:+	100.0
15:+:75211579:+	58.48
15:+:75212167:+	99.86
15:+:75355245:+	13.11
15:+:75357114:+	100.0
15:+:75658630:+	31.25
15:+:75662300:+	99.98
15:+:75930258:+	48.58
15:+:75930486:+	78.11
15:+:78169250:+	10.87
15:+:78170902:+	65.42
15:+:78498519:+	14.22
15:+:78501450:+	99.82
15:+:78549249:+	12.66
15:+:78552423:+	100.0
15:+:78593569:+	21.95
15:+:78595268:+	99.95
15:+:78897737:+	65.6
15:+:78898130:+	99.74
15:+:80137608:+	14.11
15:+:80138383:+	98.91
15:+:80186348:+	26.74
15:+:80186948:+	100.0
15:+:82834658:+	49.65
15:+:82836106:+	99.93
15:+:88478384:+	17.68
15:+:88480773:+	100.0
15:+:90390907:+	11.43
15:+:90391945:+	100.0
15:+:90815367:+	24.77
15:+:90816175:+	100.0
15:+:90921310:+	56.91
15:+:90922577:+	99.93
15:+:96338812:+	50.24
15:+:96340261:+	99.93
15:-:100566912:-	100.0
15:-:100569240:-	27.39
15:-:101653575:-	100.0
15:-:101654150:-	50.26
15:-:22867034:-	100.0
15:-:22869466:-	23.01
15:-:23000285:-	99.74
15:-:23000524:-	37.82
15:-:28111021:-	100.0
15:-:28111282:-	74.29
15:-:30357773:-	99.86
15:-:30360567:-	44.49
15:-:34358634:-	97.66
15:-:34358904:-	58.25
15:-:36889218:-	99.57
15:-:36891026:-	44.04
15:-:42537831:-	99.83
15:-:42542512:-	25.58
15:-:43323650:-	99.99
15:-:43327778:-	40.65
15:-:48988627:-	100.0
15:-:48992037:-	20.7
15:-:50275392:-	100.0
15:-:50277258:-	45.0
15:-:50702246:-	100.0
15:-:50707578:-	5.28
15:-:52115102:-	100.0
15:-:52120921:-	24.1
15:-:52307266:-	100.0
15:-:52313169:-	10.33
15:-:55202969:-	100.0
15:-:55205351:-	12.97
15:-:58588810:-	99.97
15:-:58595432:-	25.01
15:-:58597165:-	5.4
15:-:58879052:-	99.34
15:-:58879425:-	64.25
15:-:59638064:-	99.82
15:-:59638736:-	38.5
15:-:60488286:-	99.98
15:-:60497261:-	3.85
15:-:63321379:-	99.98
15:-:63323532:-	56.75
15:-:63608619:-	99.85
15:-:63608939:-	50.54
15:-:65148264:-	98.33
15:-:65150454:-	17.07
15:-:66336192:-	100.0
15:-:66336838:-	34.75
15:-:67201015:-	100.0
15:-:67201709:-	63.16
15:-:68778538:-	99.81
15:-:68779874:-	16.73
15:-:70047774:-	100.0
15:-:70049802:-	16.58
15:-:70654556:-	99.92
15:-:70656377:-	29.18
15:-:70656916:-	8.24
15:-:74843729:-	100.0
15:-:74844855:-	24.38
15:-:74919778:-	100.0
15:-:74920273:-	25.56
15:-:75463252:-	99.98
15:-:75467110:-	32.69
15:-:76215355:-	100.0
15:-:76216229:-	29.69
15:-:77042861:-	73.62
15:-:77046030:-	16.26
15:-:77100656:-	100.0
15:-:77108157:-	48.85
15:-:78104608:-	99.72
15:-:78105158:-	24.07
15:-:82536753:-	100.0
15:-:82538307:-	4.01
15:-:89681531:-	100.0
15:-:89683058:-	36.85
15:-:90229976:-	99.81
15:-:90230251:-	48.02
16:+:1325037:+	13.46
16:+:1327016:+	99.91
16:+:1363402:+	36.35
16:+:1364112:+	99.91
16:+:15037609:+	68.53
16:+:15038341:+	100.0
16:+:19700684:+	41.1
16:+:19701123:+	99.87
16:+:1986111:+	13.06
16:+:1987745:+	99.79
16:+:2038479:+	54.45
16:+:2039025:+	99.92
16:+:21655935:+	31.55
16:+:21657470:+	99.87
16:+:22080808:+	2.86
16:+:22084596:+	98.81
16:+:22286630:+	56.55
16:+:22288738:+	100.0
16:+:23570708:+	5.86
16:+:23574387:+	100.0
16:+:28964747:+	30.74
16:+:28967090:+	99.79
16:+:2949811:+	44.59
16:+:2951207:+	99.96
16:+:29697637:+	29.25
16:+:29698697:+	99.87
16:+:30757361:+	12.76
16:+:30761174:+	99.95
16:+:30775230:+	54.56
16:+:30776305:+	99.92
16:+:31191736:+	9.73
16:+:31194855:+	99.54
16:+:4509901:+	38.02
16:+:4510346:+	100.0
16:+:46929433:+	22.12
16:+:46931288:+	100.0
16:+:48352015:+	7.54
16:+:48357031:+	94.49
16:+:522164:+	62.95
16:+:523011:+	100.0
16:+:53325214:+	23.29
16:+:53327451:+	66.89
16:+:53329149:+	99.98
16:+:53491040:+	59.19
16:+:53491668:+	100.0
16:+:56844764:+	4.6
16:+:56850286:+	100.0
16:+:56943881:+	43.5
16:+:56944863:+	100.0
16:+:58519152:+	17.45
16:+:58521180:+	99.96
16:+:67871150:+	19.85
16:+:67872564:+	99.83
16:+:68357343:+	19.33
16:+:68358407:+	90.27
16:+:68699046:+	40.67
16:+:68700291:+	99.81
16:+:69084211:+	42.87
16:+:69085180:+	100.0
16:+:69325128:+	33.71
16:+:69326938:+	99.96
16:+:69341889:+	22.71
16:+:69343104:+	100.0
16:+:70572265:+	9.89
16:+:70577667:+	99.98
16:+:717478:+	15.78
16:+:71929005:+	38.82
16:+:71931178:+	99.41
16:+:719648:+	99.73
16:+:74305755:+	46.7
16:+:74306286:+	99.8
16:+:81045174:+	47.92
16:+:81047363:+	100.0
16:+:83811817:+	4.77
16:+:83814709:+	39.55
16:+:85673403:+	26.29
16:+:85676199:+	99.87
16:+:87403396:+	25.4
16:+:87404788:+	100.0
16:+:89232635:+	57.26
16:+:89236606:+	95.52
16:+:89870397:+	27.4
16:+:89871319:+	100.0
16:-:11833851:-	99.98
16:-:11837241:-	20.47
16:-:15865704:-	100.0
16:-:15867270:-	13.62
16:-:19701938:-	99.92
16:-:19706354:-	16.41
16:-:19856676:-	100.0
16:-:19858973:-	40.63
16:-:2239376:-	100.0
16:-:2239899:-	32.08
16:-:23463543:-	99.98
16:-:23464323:-	81.22
16:-:23466163:-	36.98
16:-:2771384:-	100.0
16:-:2771982:-	16.83
16:-:28605247:-	93.09
16:-:28605564:-	50.14
16:-:28842411:-	100.0
16:-:28842788:-	48.92
16:-:29871161:-	99.65
16:-:29871510:-	38.42
16:-:29992314:-	100.0
16:-:29992996:-	35.48
16:-:30350775:-	99.61
16:-:30352799:-	12.75
16:-:3222421:-	96.52
16:-:3223235:-	60.64
16:-:370777:-	99.74
16:-:371862:-	27.93
16:-:4510707:-	98.41
16:-:4511326:-	67.6
16:-:46580540:-	100.0
16:-:46581498:-	36.77
16:-:47154425:-	97.27
16:-:47155561:-	15.66
16:-:56361453:-	99.94
16:-:56361980:-	67.1
16:-:56429135:-	99.94
16:-:56431741:-	27.58
16:-:56432511:-	6.19
16:-:57428177:-	99.28
16:-:57428551:-	65.65
16:-:58159583:-	99.3
16:-:58163996:-	3.31
16:-:58519952:-	99.91
16:-:58520735:-	27.81
16:-:68298035:-	100.0
16:-:68300651:-	22.4
16:-:70375967:-	100.0
16:-:70379498:-	40.11
16:-:74447440:-	99.72
16:-:74451958:-	3.7
16:-:80966589:-	98.55
16:-:80975781:-	4.1
16:-:84476436:-	99.58
16:-:84478065:-	54.41
16:-:84479641:-	10.7
16:-:85676200:-	99.91
16:-:85677675:-	30.98
16:-:8795180:-	100.0
16:-:8795456:-	80.44
16:-:8852949:-	99.75
16:-:8854914:-	17.32
17:+:1001632:+	23.35
17:+:1002104:+	41.09
17:+:1003669:+	99.92
17:+:12141952:+	30.1
17:+:12143824:+	100.0
17:+:17185515:+	8.86
17:+:17192640:+	99.9
17:+:1898004:+	31.01
17:+:1899554:+	82.47
17:+:19675742:+	9.07
17:+:19677593:+	99.85
17:+:21191522:+	53.09
17:+:21192024:+	99.45
17:+:2323783:+	8.03
17:+:2325259:+	99.94
17:+:2681907:+	4.59
17:+:2685627:+	100.0
17:+:28328387:+	85.36
17:+:28328705:+	100.0
17:+:28702230:+	63.56
17:+:28702677:+	99.44
17:+:28750078:+	55.72
17:+:28750979:+	100.0
17:+:30895085:+	24.25
17:+:30895843:+	97.49
17:+:32941647:+	24.42
17:+:32944311:+	99.89
17:+:35004804:+	9.72
17:+:35009602:+	97.42
17:+:38733705:+	24.63
17:+:38735018:+	99.83
17:+:39532273:+	36.76
17:+:39533549:+	64.85
17:+:39534764:+	91.59
17:+:40835099:+	38.01
17:+:40836270:+	100.0
17:+:41691074:+	15.53
17:+:41691610:+	43.93
17:+:41692667:+	99.95
17:+:41975128:+	38.78
17:+:41977739:+	100.0
17:+:42843181:+	74.48
17:+:42843757:+	99.96
17:+:43029224:+	21.91
17:+:43032051:+	100.0
17:+:45105992:+	10.98
17:+:45109024:+	100.0
17:+:46024426:+	10.73
17:+:46028344:+	100.0
17:+:47622100:+	22.07
17:+:47623269:+	99.54
17:+:48122743:+	82.01
17:+:48123065:+	99.51
17:+:48863841:+	41.69
17:+:48864866:+	84.26
17:+:50111058:+	50.18
17:+:50111368:+	64.3
17:+:50752709:+	38.67
17:+:50756204:+	99.84
17:+:54937263:+	16.76
17:+:54938031:+	99.78
17:+:58734339:+	14.86
17:+:58735611:+	100.0
17:+:59694706:+	37.9
17:+:59696307:+	99.88
17:+:6121300:+	24.1
17:+:6124425:+	100.0
17:+:63589264:+	5.03
17:+:63594265:+	99.98
17:+:6451064:+	63.45
17:+:6451465:+	99.64
17:+:6643250:+	18.86
17:+:6644441:+	93.71
17:+:67744202:+	58.3
17:+:67744530:+	99.87
17:+:67983152:+	42.36
17:+:67984376:+	99.91
17:+:7311921:+	15.62
17:+:7312127:+	47.81
17:+:7312461:+	100.0
17:+:74209966:+	19.13
17:+:74210654:+	99.88
17:+:75706756:+	24.26
17:+:75708058:+	100.0
17:+:76778724:+	50.33
17:+:76779158:+	91.0
17:+:78224696:+	56.72
17:+:78225634:+	99.91
17:+:80395306:+	36.05
17:+:80397746:+	80.89
17:+:82488276:+	13.77
17:+:82490537:+	100.0
17:+:82602405:+	33.37
17:+:82604600:+	99.79
17:+:82942702:+	7.31
17:+:82945913:+	99.74
17:-:1517994:-	90.22
17:-:1520365:-	6.17
17:-:15976563:-	99.81
17:-:15977728:-	27.18
17:-:18018027:-	97.49
17:-:18018265:-	62.33
17:-:2322714:-	88.73
17:-:2323583:-	42.31
17:-:2324018:-	19.07
17:-:28648346:-	100.0
17:-:28648583:-	74.54
17:-:31860905:-	99.77
17:-:31863172:-	13.18
17:-:32328443:-	100.0
17:-:32331597:-	10.8
17:-:3802159:-	100.0
17:-:3806740:-	58.81
17:-:3812250:-	9.26
17:-:38733898:-	100.0
17:-:38734984:-	36.23
17:-:38800444:-	99.44
17:-:38801475:-	41.29
17:-:38848875:-	57.07
17:-:38850069:-	6.22
17:-:41866897:-	100.0
17:-:41867574:-	32.84
17:-:43800814:-	98.61
17:-:43801445:-	40.13
17:-:44205027:-	100.0
17:-:44206594:-	33.06
17:-:44849950:-	99.51
17:-:44850810:-	39.24
17:-:44851051:-	22.35
17:-:4538906:-	99.62
17:-:4539346:-	58.35
17:-:4669777:-	99.83
17:-:4671385:-	8.36
17:-:47117705:-	99.94
17:-:47120436:-	17.56
17:-:48930050:-	43.41
17:-:48930371:-	18.66
17:-:49404053:-	99.65
17:-:49404845:-	31.14
17:-:49598886:-	99.88
17:-:49599285:-	75.53
17:-:49700926:-	100.0
17:-:49701318:-	32.99
17:-:50693181:-	100.0
17:-:50695322:-	27.74
17:-:50962176:-	99.95
17:-:50965624:-	18.13
17:-:5471260:-	99.75
17:-:5474307:-	13.65
17:-:58345178:-	100.0
17:-:58345888:-	37.5
17:-:60443138:-	100.0
17:-:60445468:-	50.39
17:-:60447239:-	12.69
17:-:61681282:-	99.44
17:-:61683247:-	31.1
17:-:61942606:-	99.97
17:-:61945878:-	18.09
17:-:6643314:-	100.0
17:-:6644291:-	27.41
17:-:67070429:-	100.0
17:-:67078127:-	5.64
17:-:73334385:-	99.98
17:-:73337899:-	22.87
17:-:75135251:-	99.7
17:-:75135985:-	26.52
17:-:75318053:-	100.0
17:-:75320132:-	16.87
17:-:76038787:-	98.96
17:-:76039106:-	71.44
17:-:76039608:-	28.13
17:-:76309870:-	82.66
17:-:76310966:-	33.18
17:-:78852979:-	99.93
17:-:78855544:-	11.11
17:-:82242673:-	99.72
17:-:82244294:-	24.85
17:-:8224805:-	100.0
17:-:8227817:-	14.31
17:-:82654960:-	100.0
17:-:82657073:-	33.45
18:+:10550358:+	10.42
18:+:10552783:+	100.0
18:+:11881922:+	19.89
18:+:11885682:+	99.94
18:+:12985734:+	21.55
18:+:12987534:+	99.91
18:+:22201602:+	50.56
18:+:22202528:+	100.0
18:+:23481513:+	17.37
18:+:23483140:+	100.0
18:+:24451591:+	29.49
18:+:24453528:+	99.75
18:+:26390928:+	58.88
18:+:26391649:+	98.04
18:+:46263302:+	9.19
18:+:46266999:+	100.0
18:+:51079776:+	22.37
18:+:51085055:+	100.0
18:+:54294722:+	23.42
18:+:54298232:+	99.96
18:+:59155876:+	11.64
18:+:59157308:+	99.82
18:+:59903680:+	62.29
18:+:59904305:+	99.94
18:+:74158863:+	22.65
18:+:74160530:+	100.0
18:+:74521121:+	32.49
18:+:74523452:+	99.94
18:+:76969915:+	67.69
18:+:76970724:+	99.88
18:+:79754501:+	28.53
18:+:79756630:+	100.0
18:+:9859627:+	12.03
18:+:9862550:+	99.97
18:-:20947010:-	97.68
18:-:20949877:-	33.71
18:-:25061927:-	99.88
18:-:25062413:-	40.32
18:-:2537526:-	99.94
18:-:2538124:-	63.05
18:-:26016255:-	99.91
18:-:26017661:-	33.83
18:-:26454913:-	99.7
18:-:26455520:-	38.51
18:-:27950972:-	99.57
18:-:27951673:-	49.28
18:-:316738:-	100.0
18:-:319425:-	19.24
18:-:35989824:-	100.0
18:-:35992901:-	11.5
18:-:36024888:-	100.0
18:-:36026894:-	8.32
18:-:45847610:-	99.98
18:-:45850647:-	39.73
18:-:46080250:-	99.95
18:-:46084150:-	5.2
18:-:49041461:-	100.0
18:-:49043804:-	14.61
18:-:49782168:-	99.94
18:-:49783569:-	20.57
18:-:5392389:-	99.27
18:-:5393042:-	39.8
18:-:54151610:-	99.76
18:-:54154830:-	12.99
18:-:56597209:-	99.98
18:-:56602824:-	3.98
18:-:59327808:-	100.0
18:-:59330920:-	6.32
18:-:63327723:-	100.0
18:-:63330709:-	28.55
18:-:74250847:-	100.0
18:-:74253297:-	13.09
19:+:10553090:+	38.58
19:+:10553417:+	99.81
19:+:10689857:+	20.96
19:+:10692398:+	99.41
19:+:12189248:+	80.89
19:+:12189870:+	99.67
19:+:19357753:+	67.13
19:+:19358753:+	99.93
19:+:2353928:+	52.82
19:+:2354801:+	99.73
19:+:29615799:+	27.88
19:+:29617231:+	99.7
19:+:30015648:+	44.23
19:+:30016609:+	100.0
19:+:32383254:+	10.87
19:+:32386853:+	83.56
19:+:33380008:+	24.41
19:+:33382685:+	99.97
19:+:34227751:+	17.99
19:+:34229514:+	99.95
19:+:34742869:+	47.06
19:+:34745410:+	100.0
19:+:35623662:+	31.8
19:+:35625350:+	100.0
19:+:36720797:+	77.73
19:+:36721321:+	99.75
19:+:39397773:+	10.21
19:+:39400561:+	100.0
19:+:41871574:+	14.21
19:+:41872924:+	99.87
19:+:44011666:+	38.22
19:+:44013923:+	99.92
19:+:44108324:+	55.26
19:+:44109884:+	99.94
19:+:45303684:+	45.05
19:+:45305282:+	99.97
19:+:47210190:+	69.82
19:+:47210629:+	99.53
19:+:4795557:+	40.41
19:+:4801271:+	99.98
19:+:48479307:+	5.8
19:+:48482313:+	100.0
19:+:49491843:+	19.62
19:+:49492314:+	100.0
19:+:49625873:+	42.23
19:+:49626438:+	100.0
19:+:50047172:+	61.0
19:+:50048772:+	100.0
19:+:51945752:+	65.23
19:+:51946619:+	99.84
19:+:52226476:+	14.35
19:+:52229517:+	99.55
19:+:52292716:+	44.32
19:+:52296045:+	99.98
19:+:52321713:+	3.11
19:+:52325919:+	99.93
19:+:53578078:+	38.68
19:+:53580269:+	100.0
19:+:54193681:+	37.22
19:+:54194530:+	99.56
19:+:55388413:+	4.45
19:+:55392081:+	99.9
19:+:8322394:+	11.51
19:+:8323338:+	99.81
19:-:10553085:-	99.42
19:-:10553551:-	60.71
19:-:1086585:-	99.72
19:-:1088167:-	25.86
19:-:12953618:-	64.56
19:-:12954162:-	25.92
19:-:1473202:-	100.0
19:-:1474172:-	47.65
19:-:1573596:-	100.0
19:-:1576641:-	33.27
19:-:1609294:-	99.96
19:-:1611169:-	26.63
19:-:16400631:-	100.0
19:-:16402265:-	11.91
19:-:18306238:-	99.4
19:-:18306910:-	48.72
19:-:2425625:-	99.93
19:-:2426566:-	33.8
19:-:29205321:-	100.0
19:-:29207260:-	31.68
19:-:29698920:-	99.17
19:-:29701150:-	44.67
19:-:32978593:-	100.0
19:-:32979786:-	28.31
19:-:36510695:-	100.0
19:-:36514303:-	27.91
19:-:37411160:-	99.85
19:-:37414140:-	8.58
19:-:40421592:-	100.0
19:-:40422504:-	53.35
19:-:40665909:-	99.82
19:-:40666672:-	65.67
19:-:41330527:-	77.03
19:-:41331085:-	14.19
19:-:43727985:-	100.0
19:-:43731156:-	14.07
19:-:45407334:-	99.96
19:-:45409616:-	4.6
19:-:45546265:-	100.0
19:-:45549139:-	62.42
19:-:57541840:-	99.72
19:-:57542637:-	43.11
19:-:7958574:-	100.0
19:-:7962275:-	29.29
19:-:7963431:-	7.2
19:-:8806171:-	99.98
19:-:8809632:-	41.26
1:+:100291722:+	23.41
1:+:100292767:+	99.85
1:+:10180602:+	52.44
1:+:10181244:+	100.0
1:+:111461348:+	23.26
1:+:111462728:+	97.58
1:+:111767268:+	67.19
1:+:111767576:+	80.7
1:+:11286357:+	25.51
1:+:11288442:+	100.0
1:+:113124737:+	10.29
1:+:113132259:+	99.99
1:+:113912468:+	45.26
1:+:113914083:+	99.9
1:+:115693688:+	36.17
1:+:115695473:+	61.29
1:+:115698218:+	99.92
1:+:116988617:+	51.07
1:+:116990350:+	99.78
1:+:117102601:+	20.12
1:+:117107451:+	99.97
1:+:12509367:+	15.06
1:+:12512043:+	99.87
1:+:13616250:+	16.78
1:+:13617966:+	100.0
1:+:148981774:+	9.7
1:+:148986469:+	99.85
1:+:150159646:+	66.4
1:+:150160064:+	99.92
1:+:150308380:+	35.73
1:+:150308979:+	100.0
1:+:151118488:+	7.01
1:+:151125541:+	99.99
1:+:151291745:+	70.33
1:+:151292179:+	99.93
1:+:155138538:+	52.95
1:+:155138851:+	99.12
1:+:15568690:+	23.08
1:+:15571731:+	99.95
1:+:155882969:+	44.17
1:+:155885209:+	100.0
1:+:156139798:+	71.19
1:+:156140080:+	99.11
1:+:161170939:+	10.58
1:+:161171218:+	100.0
1:+:161959012:+	10.08
1:+:161964069:+	99.98
1:+:164847071:+	9.32
1:+:164851815:+	99.89
1:+:165655571:+	25.92
1:+:165656154:+	100.0
1:+:167788103:+	6.93
1:+:167790821:+	73.22
1:+:167791918:+	99.98
1:+:168200206:+	13.69
1:+:168202122:+	100.0
1:+:169853030:+	18.41
1:+:169854098:+	100.0
1:+:175010278:+	19.91
1:+:175011710:+	100.0
1:+:178474439:+	12.33
1:+:178479511:+	58.13
1:+:178917037:+	12.81
1:+:178921854:+	100.0
1:+:179920092:+	34.98
1:+:179924949:+	99.32
1:+:180275053:+	18.11
1:+:180278981:+	99.98
1:+:180886134:+	34.09
1:+:180890247:+	99.94
1:+:183143011:+	15.63
1:+:183145591:+	99.97
1:+:183244559:+	80.56
1:+:183244899:+	99.94
1:+:184619727:+	2.21
1:+:184620325:+	8.5
1:+:184629019:+	99.99
1:+:186419254:+	10.38
1:+:186421341:+	98.44
1:+:19259117:+	30.18
1:+:19260126:+	99.86
1:+:203023542:+	34.3
1:+:203024860:+	100.0
1:+:204549722:+	6.77
1:+:204558119:+	100.0
1:+:209851796:+	9.32
1:+:209857563:+	99.97
1:+:211372847:+	25.54
1:+:211374942:+	99.86
1:+:212815324:+	19.33
1:+:212816619:+	99.57
1:+:212895413:+	4.77
1:+:212899361:+	99.95
1:+:213273464:+	41.82
1:+:213274773:+	100.0
1:+:219211835:+	25.04
1:+:219212857:+	99.42
1:+:224375954:+	4.37
1:+:224379407:+	98.77
1:+:227655888:+	19.11
1:+:227662455:+	99.91
1:+:228098005:+	11.32
1:+:228099209:+	99.78
1:+:228176381:+	17.66
1:+:228182256:+	99.99
1:+:228494968:+	56.59
1:+:228495801:+	100.0
1:+:230280078:+	27.5
1:+:230282121:+	99.89
1:+:233382998:+	24.4
1:+:233385147:+	99.96
1:+:235343095:+	42.82
1:+:235344544:+	100.0
1:+:236900667:+	48.41
1:+:236903980:+	99.98
1:+:23759896:+	15.01
1:+:23762076:+	100.0
1:+:246767415:+	23.44
1:+:246768135:+	99.79
1:+:25361012:+	20.74
1:+:25362359:+	99.88
1:+:25498731:+	24.05
1:+:25500150:+	96.97
1:+:26469244:+	14.64
1:+:26471302:+	100.0
1:+:26855716:+	51.34
1:+:26857603:+	100.0
1:+:27761603:+	42.2
1:+:27763114:+	99.7
1:+:28577715:+	20.53
1:+:28578551:+	100.0
1:+:28714908:+	15.83
1:+:28719350:+	99.94
1:+:35420186:+	27.69
1:+:35421988:+	97.3
1:+:39485925:+	23.66
1:+:39487137:+	97.56
1:+:43622358:+	24.38
1:+:43623673:+	100.0
1:+:45511085:+	49.92
1:+:45513382:+	100.0
1:+:45618259:+	23.86
1:+:45618893:+	99.88
1:+:47377659:+	44.76
1:+:47378838:+	99.95
1:+:56708910:+	18.27
1:+:56715334:+	100.0
1:+:59873702:+	25.33
1:+:59876368:+	99.72
1:+:61458034:+	36.47
1:+:61462787:+	99.92
1:+:62864384:+	25.82
1:+:62865512:+	99.93
1:+:65226983:+	15.15
1:+:65232143:+	100.0
1:+:74764398:+	18.16
1:+:74766633:+	98.53
1:+:76630947:+	38.92
1:+:76634598:+	99.95
1:+:81991870:+	72.83
1:+:81992422:+	100.0
1:+:93360969:+	5.3
1:+:93362534:+	22.67
1:+:93369492:+	99.93
1:-:10456524:-	99.96
1:-:10461228:-	9.17
1:-:108134046:-	99.64
1:-:108135315:-	54.35
1:-:109733938:-	99.81
1:-:109736969:-	6.21
1:-:111117333:-	100.0
1:-:111117945:-	34.55
1:-:112911834:-	100.0
1:-:112912232:-	82.93
1:-:113761833:-	100.0
1:-:113765325:-	24.43
1:-:113894751:-	99.6
1:-:113895096:-	53.29
1:-:114704471:-	99.94
1:-:114707090:-	26.83
1:-:114769477:-	100.0
1:-:114774144:-	4.68
1:-:117877224:-	99.79
1:-:117877869:-	30.5
1:-:11919592:-	99.87
1:-:11919991:-	46.09
1:-:119911555:-	99.96
1:-:119912056:-	90.22
1:-:1253890:-	100.0
1:-:1254862:-	39.17
1:-:145921559:-	99.93
1:-:145925724:-	4.67
1:-:150218425:-	99.66
1:-:150220379:-	16.33
1:-:150621247:-	100.0
1:-:150622128:-	45.38
1:-:151291805:-	99.35
1:-:151292132:-	72.92
1:-:151773482:-	99.71
1:-:151774273:-	22.61
1:-:151873584:-	100.0
1:-:151874057:-	64.83
1:-:153804729:-	99.93
1:-:153806573:-	66.92
1:-:154211740:-	99.07
1:-:154212215:-	25.43
1:-:155897810:-	99.93
1:-:155900156:-	16.47
1:-:1560858:-	99.75
1:-:1562352:-	63.04
1:-:1564648:-	6.61
1:-:175156987:-	100.0
1:-:175157524:-	87.09
1:-:1785291:-	99.66
1:-:1786829:-	12.72
1:-:183620847:-	99.99
1:-:183626178:-	21.0
1:-:197504733:-	100.0
1:-:197510264:-	11.36
1:-:202133407:-	99.73
1:-:202134263:-	22.82
1:-:204218834:-	100.0
1:-:204220709:-	52.48
1:-:211571569:-	99.98
1:-:211575041:-	26.45
1:-:211743458:-	99.98
1:-:211744965:-	77.13
1:-:211747437:-	39.64
1:-:212992170:-	100.0
1:-:212994969:-	7.41
1:-:21678476:-	84.41
1:-:21679232:-	18.21
1:-:21727846:-	100.0
1:-:21728421:-	34.21
1:-:220057530:-	96.82
1:-:220058846:-	9.73
1:-:220148294:-	99.97
1:-:220151096:-	9.99
1:-:224385124:-	100.0
1:-:224389115:-	15.75
1:-:225982705:-	99.89
1:-:225985067:-	16.19
1:-:226989866:-	99.98
1:-:226992724:-	36.96
1:-:227731193:-	100.0
1:-:227732304:-	25.13
1:-:231363743:-	100.0
1:-:231365890:-	21.44
1:-:232397924:-	100.0
1:-:232398683:-	43.78
1:-:234604271:-	99.94
1:-:234606918:-	26.09
1:-:235109327:-	100.0
1:-:235111812:-	10.68
1:-:235547687:-	100.0
1:-:235550833:-	30.87
1:-:236215557:-	99.93
1:-:236218385:-	6.35
1:-:2403975:-	99.41
1:-:2404801:-	55.26
1:-:243499725:-	99.91
1:-:243501764:-	63.6
1:-:25222688:-	98.8
1:-:25223117:-	41.83
1:-:26876133:-	100.0
1:-:26879382:-	10.17
1:-:28200265:-	100.0
1:-:28200559:-	73.42
1:-:29192882:-	99.31
1:-:29193823:-	27.31
1:-:32620825:-	99.56
1:-:32621832:-	10.36
1:-:34853478:-	75.59
1:-:34855046:-	28.27
1:-:35599521:-	100.0
1:-:35601742:-	42.37
1:-:35603076:-	7.76
1:-:37492579:-	99.74
1:-:37493314:-	51.79
1:-:37534450:-	99.97
1:-:37536524:-	41.78
1:-:37536899:-	31.26
1:-:3778559:-	99.96
1:-:3780220:-	40.19
1:-:37802945:-	99.91
1:-:37803635:-	34.44
1:-:37956971:-	100.0
1:-:37957939:-	25.14
1:-:3812128:-	98.63
1:-:3814789:-	21.21
1:-:46277463:-	99.94
1:-:46278401:-	42.14
1:-:46675175:-	99.54
1:-:46676550:-	60.01
1:-:51354264:-	99.96
1:-:51355227:-	62.69
1:-:52350599:-	99.8
1:-:52352523:-	36.82
1:-:52684437:-	100.0
1:-:52687472:-	18.68
1:-:53242362:-	100.0
1:-:53245546:-	32.18
1:-:53765475:-	99.42
1:-:53767721:-	12.16
1:-:55066362:-	99.89
1:-:55068579:-	19.24
1:-:6221195:-	99.95
1:-:6223452:-	44.5
1:-:68474154:-	99.93
1:-:68475584:-	50.93
1:-:70260572:-	100.0
1:-:70262452:-	17.4
1:-:71063292:-	99.95
1:-:71065044:-	5.09
1:-:85018083:-	99.91
1:-:85018891:-	31.21
1:-:86862447:-	99.83
1:-:86862722:-	76.14
1:-:9848276:-	100.0
1:-:9850110:-	26.67
20:+:1165518:+	14.63
20:+:1167320:+	68.42
20:+:1168378:+	100.0
20:+:16741127:+	16.41
20:+:16742563:+	100.0
20:+:18188034:+	67.97
20:+:18188366:+	98.09
20:+:1939909:+	78.84
20:+:1940604:+	100.0
20:+:3038668:+	59.92
20:+:3039071:+	99.51
20:+:31538447:+	7.57
20:+:31540677:+	70.3
20:+:31569583:+	18.66
20:+:31571600:+	99.76
20:+:32437355:+	59.82
20:+:32439318:+	99.98
20:+:32849138:+	26.93
20:+:32850404:+	99.94
20:+:33853830:+	38.46
20:+:33854363:+	99.66
20:+:34080259:+	7.04
20:+:34084882:+	99.96
20:+:35948536:+	36.31
20:+:35950369:+	99.59
20:+:37405414:+	77.92
20:+:37406049:+	99.97
20:+:38575851:+	26.37
20:+:38578856:+	99.88
20:+:38772190:+	65.7
20:+:38772517:+	99.69
20:+:41175366:+	28.48
20:+:41177625:+	99.97
20:+:44906536:+	7.21
20:+:44908530:+	99.91
20:+:47653734:+	9.48
20:+:47656868:+	99.74
20:+:49033628:+	16.51
20:+:49036692:+	99.97
20:+:49952210:+	7.43
20:+:49953883:+	99.5
20:+:50584716:+	79.41
20:+:50585238:+	99.88
20:+:5190451:+	4.48
20:+:5191347:+	15.97
20:+:5197905:+	100.0
20:+:54219205:+	20.0
20:+:54219952:+	99.89
20:+:56404253:+	27.08
20:+:56406361:+	99.72
20:+:57378457:+	37.11
20:+:57379201:+	99.17
20:+:6037332:+	8.69
20:+:6038048:+	32.72
20:+:6039980:+	97.55
20:+:62945408:+	17.93
20:+:62948471:+	99.89
20:-:1442170:-	99.54
20:-:1443504:-	23.31
20:-:17941580:-	100.0
20:-:17942215:-	23.31
20:-:33702747:-	100.0
20:-:33707560:-	7.85
20:-:34088311:-	99.19
20:-:34089433:-	29.42
20:-:34714789:-	97.47
20:-:34715158:-	35.14
20:-:35703605:-	100.0
20:-:35704328:-	26.0
20:-:35731473:-	85.44
20:-:35731744:-	50.52
20:-:35953624:-	99.03
20:-:35954023:-	43.85
20:-:36751796:-	99.91
20:-:36752035:-	78.24
20:-:36890216:-	100.0
20:-:36892737:-	11.57
20:-:41178437:-	100.0
20:-:41184822:-	5.62
20:-:41402122:-	99.38
20:-:41404523:-	28.53
20:-:44302831:-	100.0
20:-:44306603:-	14.47
20:-:44497445:-	99.53
20:-:44500189:-	8.19
20:-:46499966:-	90.36
20:-:46501092:-	57.88
20:-:481092:-	100.0
20:-:482696:-	46.26
20:-:49903479:-	97.45
20:-:49904829:-	58.38
20:-:56369390:-	100.0
20:-:56369660:-	71.61
20:-:57168753:-	99.79
20:-:57170482:-	26.56
20:-:59033195:-	97.48
20:-:59034820:-	15.49
20:-:61974787:-	100.0
20:-:61975716:-	40.03
20:-:63698636:-	100.0
20:-:63699490:-	54.93
21:+:14227385:+	33.51
21:+:14228389:+	100.0
21:+:15878906:+	34.18
21:+:15880063:+	99.66
21:+:17565818:+	8.34
21:+:17570114:+	100.0
21:+:25770067:+	30.72
21:+:25772466:+	100.0
21:+:33355878:+	12.38
21:+:33359863:+	100.0
21:+:33837469:+	31.94
21:+:33838497:+	99.93
21:+:36416826:+	20.14
21:+:36419014:+	99.96
21:+:38823465:+	34.71
21:+:38824920:+	98.47
21:+:41276591:+	17.02
21:+:41282544:+	100.0
21:+:42909099:+	5.31
21:+:42913299:+	99.89
21:+:43756254:+	4.78
21:+:43762296:+	99.83
21:+:43984671:+	55.78
21:+:43986548:+	100.0
21:-:26835756:-	99.64
21:-:26836412:-	73.74
21:-:28872191:-	100.0
21:-:28876158:-	7.77
21:-:28928145:-	99.96
21:-:28930130:-	16.1
21:-:29004386:-	99.91
21:-:29005761:-	39.29
21:-:29006397:-	11.24
21:-:32312808:-	56.15
21:-:32314044:-	25.87
21:-:32733888:-	100.0
21:-:32734826:-	20.51
21:-:37061030:-	71.57
21:-:37065375:-	5.17
21:-:39174947:-	80.13
21:-:39175448:-	24.22
21:-:43772514:-	99.84
21:-:43773951:-	20.88
21:-:46188451:-	99.82
21:-:46189132:-	75.41
22:+:17702430:+	12.47
22:+:17703750:+	100.0
22:+:17729136:+	58.87
22:+:17730617:+	94.3
22:+:20887974:+	8.36
22:+:20891211:+	99.8
22:+:21621615:+	4.01
22:+:21621929:+	16.47
22:+:21622925:+	55.99
22:+:21624034:+	100.0
22:+:23315949:+	19.85
22:+:23317989:+	98.16
22:+:26443614:+	26.99
22:+:26445012:+	99.84
22:+:26491931:+	14.67
22:+:26494656:+	99.94
22:+:29053987:+	10.46
22:+:29057480:+	99.82
22:+:30027858:+	42.56
22:+:30030866:+	100.0
22:+:35424501:+	26.77
22:+:35425453:+	100.0
22:+:37942008:+	61.49
22:+:37942447:+	82.26
22:+:38684435:+	39.89
22:+:38685443:+	100.0
22:+:39377910:+	39.52
22:+:39378380:+	98.86
22:+:40972662:+	22.42
22:+:40973099:+	74.82
22:+:42083412:+	24.87
22:+:42084300:+	100.0
22:+:45185624:+	32.82
22:+:45188023:+	100.0
22:+:45843684:+	0.98
22:+:45843986:+	19.4
22:+:45845240:+	95.91
22:-:17734142:-	100.0
22:-:17735241:-	24.21
22:-:19130280:-	99.98
22:-:19133939:-	12.79
22:-:19449911:-	99.88
22:-:19450622:-	14.73
22:-:21759660:-	47.03
22:-:21760474:-	38.67
22:-:21762590:-	16.95
22:-:26451481:-	99.95
22:-:26452065:-	69.61
22:-:27978016:-	99.97
22:-:27981404:-	41.93
22:-:29506197:-	87.96
22:-:29508168:-	13.36
22:-:30925139:-	99.48
22:-:30926610:-	15.04
22:-:40824537:-	99.91
22:-:40826258:-	19.18
22:-:41525804:-	100.0
22:-:41528827:-	14.44
22:-:41598029:-	99.97
22:-:41600878:-	9.9
22:-:41673934:-	100.0
22:-:41674857:-	26.86
22:-:42058373:-	99.08
22:-:42059766:-	31.46
22:-:42617841:-	99.95
22:-:42618815:-	53.7
22:-:43132474:-	79.08
22:-:43132884:-	47.07
2:+:105345524:+	5.39
2:+:105348809:+	89.68
2:+:108684188:+	9.06
2:+:108687234:+	99.88
2:+:109855976:+	6.28
2:+:109857686:+	99.62
2:+:112116517:+	13.42
2:+:112119312:+	99.81
2:+:117831050:+	25.97
2:+:117832387:+	100.0
2:+:135058346:+	31.82
2:+:135058863:+	80.78
2:+:149023509:+	11.68
2:+:149026777:+	100.0
2:+:159231091:+	48.6
2:+:159232692:+	100.0
2:+:159768572:+	34.43
2:+:159771026:+	99.97
2:+:161235617:+	33.21
2:+:161236171:+	99.88
2:+:162360426:+	17.44
2:+:162361418:+	99.83
2:+:168770260:+	13.34
2:+:168775128:+	99.84
2:+:170081849:+	5.16
2:+:170084105:+	99.08
2:+:171482174:+	29.44
2:+:171485050:+	99.95
2:+:171555060:+	14.88
2:+:171558127:+	99.83
2:+:172596111:+	2.2
2:+:172598784:+	23.02
2:+:172608668:+	99.99
2:+:176131982:+	48.3
2:+:176132694:+	99.93
2:+:177538291:+	3.78
2:+:177539332:+	21.85
2:+:177543836:+	100.0
2:+:190690679:+	17.25
2:+:190692765:+	99.96
2:+:190963182:+	12.96
2:+:190965553:+	100.0
2:+:191424102:+	17.13
2:+:191425384:+	99.68
2:+:200478657:+	22.04
2:+:200482273:+	100.0
2:+:202560101:+	5.04
2:+:202567747:+	99.95
2:+:205795482:+	21.51
2:+:205798142:+	100.0
2:+:206617984:+	11.43
2:+:206618465:+	24.97
2:+:206621126:+	99.89
2:+:216205394:+	18.58
2:+:216206301:+	100.0
2:+:218754686:+	42.47
2:+:218755435:+	100.0
2:+:219248904:+	25.25
2:+:219250337:+	100.0
2:+:222942217:+	22.94
2:+:222944570:+	97.8
2:+:223967187:+	38.15
2:+:223967705:+	98.94
2:+:226996528:+	29.01
2:+:226999211:+	99.89
2:+:227357300:+	36.54
2:+:227357847:+	100.0
2:+:227555131:+	10.26
2:+:227561216:+	100.0
2:+:236125271:+	17.15
2:+:236131806:+	100.0
2:+:240578724:+	29.76
2:+:240581382:+	100.0
2:+:241183024:+	37.57
2:+:241183651:+	99.9
2:+:24769190:+	39.08
2:+:24770699:+	99.88
2:+:27026435:+	17.01
2:+:27027195:+	99.89
2:+:27099968:+	27.44
2:+:27100755:+	98.47
2:+:27650909:+	56.3
2:+:27651526:+	100.0
2:+:277474:+	23.46
2:+:278232:+	95.18
2:+:28412970:+	20.06
2:+:28417321:+	100.0
2:+:29181954:+	17.08
2:+:29183806:+	99.69
2:+:30159550:+	48.67
2:+:30160532:+	99.95
2:+:32154862:+	14.88
2:+:32157660:+	100.0
2:+:32220703:+	11.78
2:+:32224378:+	99.98
2:+:38781927:+	11.79
2:+:38785001:+	100.0
2:+:42330742:+	35.84
2:+:42332546:+	99.93
2:+:42709210:+	50.22
2:+:42709542:+	99.7
2:+:43765788:+	14.6
2:+:43767986:+	99.96
2:+:44232491:+	7.55
2:+:44234072:+	75.38
2:+:46624340:+	11.12
2:+:46625762:+	100.0
2:+:47806999:+	6.65
2:+:47809308:+	76.14
2:+:54660186:+	10.58
2:+:54662307:+	99.96
2:+:54669772:+	45.95
2:+:54671445:+	100.0
2:+:55545040:+	13.77
2:+:55545501:+	61.15
2:+:60798354:+	25.74
2:+:60798955:+	37.7
2:+:61186917:+	6.56
2:+:61191202:+	99.98
2:+:64458644:+	11.62
2:+:64461377:+	99.87
2:+:69879357:+	18.02
2:+:69881400:+	100.0
2:+:70277532:+	17.92
2:+:70281184:+	99.84
2:+:71078639:+	21.35
2:+:71079825:+	100.0
2:+:73862468:+	5.33
2:+:73862883:+	13.65
2:+:73867190:+	100.0
2:+:74682073:+	58.17
2:+:74683853:+	100.0
2:+:85053770:+	9.85
2:+:85055700:+	40.36
2:+:85059471:+	99.98
2:+:86137789:+	6.85
2:+:86138136:+	14.25
2:+:86142157:+	100.0
2:+:88750333:+	36.96
2:+:88750928:+	99.27
2:+:9488621:+	29.76
2:+:9489026:+	55.14
2:+:95413130:+	6.34
2:+:95416617:+	100.0
2:-:10439977:-	99.0
2:-:10440361:-	56.38
2:-:105264360:-	100.0
2:-:105265788:-	55.38
2:-:105359340:-	56.27
2:-:105360828:-	16.3
2:-:10570768:-	100.0
2:-:10571656:-	37.6
2:-:10783380:-	100.0
2:-:10783818:-	53.75
2:-:109542968:-	100.0
2:-:109544240:-	6.26
2:-:110178048:-	98.62
2:-:110178409:-	27.42
2:-:111767641:-	99.77
2:-:111769065:-	19.32
2:-:112211509:-	100.0
2:-:112215876:-	11.96
2:-:113741885:-	99.9
2:-:113742509:-	37.25
2:-:121726948:-	99.69
2:-:121727593:-	33.06
2:-:127701023:-	99.98
2:-:127705145:-	25.46
2:-:127705930:-	11.26
2:-:135839614:-	100.0
2:-:135840445:-	37.89
2:-:135906684:-	99.04
2:-:135907283:-	17.1
2:-:159318981:-	99.86
2:-:159320153:-	18.47
2:-:1631888:-	99.96
2:-:1633829:-	20.31
2:-:167954023:-	99.81
2:-:167955316:-	16.44
2:-:171317409:-	100.0
2:-:171323931:-	6.21
2:-:175072260:-	99.61
2:-:175074474:-	14.0
2:-:17663813:-	99.94
2:-:17665330:-	15.76
2:-:179101680:-	100.0
2:-:179109304:-	8.68
2:-:182909115:-	100.0
2:-:182924888:-	5.57
2:-:189770324:-	100.0
2:-:189771346:-	35.28
2:-:190204627:-	46.19
2:-:190204910:-	24.62
2:-:196133666:-	97.6
2:-:196137199:-	12.75
2:-:197389764:-	100.0
2:-:197391976:-	18.01
2:-:19935036:-	99.3
2:-:19935369:-	41.08
2:-:201377208:-	99.98
2:-:201379851:-	34.1
2:-:20200799:-	100.0
2:-:20201482:-	68.04
2:-:202206187:-	99.39
2:-:202206675:-	56.65
2:-:202874788:-	99.9
2:-:202880607:-	5.38
2:-:20684032:-	99.42
2:-:20685059:-	66.08
2:-:216038393:-	100.0
2:-:216039104:-	26.55
2:-:219373672:-	84.19
2:-:219374053:-	36.39
2:-:222571078:-	63.55
2:-:222571745:-	18.7
2:-:224470154:-	99.91
2:-:224472741:-	38.7
2:-:224473910:-	11.05
2:-:233836694:-	100.0
2:-:233837437:-	22.52
2:-:23748648:-	100.0
2:-:23751793:-	8.58
2:-:239957373:-	99.97
2:-:239960741:-	11.69
2:-:241087099:-	100.0
2:-:241089171:-	8.6
2:-:241492676:-	99.93
2:-:241495022:-	22.46
2:-:25227888:-	99.5
2:-:25232977:-	21.99
2:-:25733754:-	99.99
2:-:25737664:-	63.53
2:-:3497367:-	99.65
2:-:3498454:-	36.53
2:-:36843641:-	99.98
2:-:36846956:-	44.6
2:-:37099212:-	99.98
2:-:37107181:-	2.63
2:-:37250490:-	100.0
2:-:37252946:-	14.16
2:-:37641882:-	100.0
2:-:37645155:-	33.76
2:-:38743588:-	100.0
2:-:38744894:-	18.38
2:-:38981552:-	96.83
2:-:38984741:-	32.01
2:-:42349339:-	99.95
2:-:42350491:-	42.98
2:-:43887745:-	42.44
2:-:43888497:-	7.45
2:-:44318703:-	71.53
2:-:44320829:-	16.09
2:-:47806922:-	99.85
2:-:47807629:-	46.61
2:-:53864071:-	99.73
2:-:53864854:-	47.78
2:-:63892152:-	99.57
2:-:63892902:-	45.61
2:-:667795:-	80.35
2:-:669211:-	19.86
2:-:74152529:-	99.98
2:-:74156138:-	12.34
2:-:74532428:-	100.0
2:-:74533134:-	43.61
2:-:8852679:-	100.0
2:-:8858122:-	12.58
2:-:9405672:-	35.97
2:-:9406637:-	7.84
2:-:96274339:-	99.63
2:-:96274683:-	57.68
2:-:98619108:-	99.97
2:-:98625505:-	1.36
2:-:99400477:-	99.77
2:-:99400951:-	45.79
3:+:100178563:+	7.56
3:+:100181728:+	99.88
3:+:10099011:+	31.03
3:+:10099343:+	66.31
3:+:101592833:+	11.43
3:+:101594435:+	99.89
3:+:107808378:+	50.53
3:+:107811323:+	99.98
3:+:108694048:+	46.33
3:+:108694838:+	99.46
3:+:112584170:+	51.6
3:+:112585577:+	100.0
3:+:11555082:+	9.53
3:+:11557663:+	99.93
3:+:119493194:+	37.33
3:+:119494727:+	100.0
3:+:122409941:+	7.82
3:+:122412333:+	99.96
3:+:122879914:+	34.64
3:+:122881144:+	100.0
3:+:123272187:+	25.52
3:+:123274131:+	100.0
3:+:12532801:+	21.34
3:+:12533312:+	99.24
3:+:129305266:+	42.03
3:+:129306201:+	100.0
3:+:132676619:+	10.69
3:+:132678048:+	97.04
3:+:133820623:+	55.21
3:+:133821491:+	99.95
3:+:134561766:+	10.68
3:+:134562556:+	32.31
3:+:141745838:+	28.31
3:+:141747558:+	99.92
3:+:14198384:+	11.32
3:+:14201117:+	99.94
3:+:142806351:+	18.29
3:+:142807787:+	94.63
3:+:15043343:+	7.91
3:+:15049284:+	100.0
3:+:150628341:+	24.51
3:+:150630435:+	99.64
3:+:15252302:+	65.83
3:+:15252915:+	99.83
3:+:158544485:+	19.34
3:+:158545749:+	100.0
3:+:158605423:+	23.99
3:+:158606454:+	99.63
3:+:158829129:+	20.41
3:+:158829715:+	99.59
3:+:161251237:+	29.97
3:+:161252304:+	99.8
3:+:16303601:+	7.24
3:+:16306086:+	100.0
3:+:170392653:+	8.61
3:+:170393160:+	19.65
3:+:170396848:+	100.0
3:+:179624499:+	15.56
3:+:179627646:+	99.97
3:+:179784330:+	5.29
3:+:179786400:+	43.95
3:+:179789399:+	99.96
3:+:182914103:+	17.49
3:+:182914641:+	56.23
3:+:185291813:+	13.7
3:+:185293078:+	99.93
3:+:185631088:+	34.67
3:+:185633550:+	99.97
3:+:191392176:+	6.29
3:+:191398659:+	99.84
3:+:196587285:+	63.99
3:+:196589057:+	99.96
3:+:196734307:+	24.31
3:+:196734916:+	51.28
3:+:196736016:+	100.0
3:+:196830116:+	41.53
3:+:196830773:+	56.71
3:+:196832645:+	99.95
3:+:197955816:+	7.78
3:+:197956609:+	99.88
3:+:23590579:+	41.07
3:+:23591793:+	100.0
3:+:31636236:+	15.44
3:+:31637616:+	99.63
3:+:33143271:+	16.3
3:+:33145030:+	49.01
3:+:33147772:+	99.98
3:+:33867005:+	19.54
3:+:33869702:+	100.0
3:+:42225124:+	74.05
3:+:42225889:+	100.0
3:+:44646645:+	7.82
3:+:44648470:+	99.95
3:+:45548836:+	71.75
3:+:45549419:+	99.9
3:+:47009319:+	20.82
3:+:47009700:+	99.38
3:+:48983628:+	13.51
3:+:48984170:+	30.53
3:+:48985498:+	72.24
3:+:51704001:+	46.33
3:+:51704322:+	99.83
3:+:5179578:+	40.68
3:+:5180909:+	99.87
3:+:52540576:+	10.42
3:+:52541888:+	99.8
3:+:52708236:+	15.9
3:+:52711146:+	100.0
3:+:57269841:+	7.63
3:+:57273485:+	100.0
3:+:62294031:+	19.56
3:+:62297608:+	99.89
3:+:62333659:+	13.69
3:+:62336212:+	99.97
3:+:66378025:+	26.86
3:+:66378940:+	100.0
3:+:73067190:+	47.02
3:+:73069211:+	100.0
3:+:87254215:+	27.39
3:+:87255551:+	100.0
3:+:9893900:+	68.71
3:+:9894345:+	99.72
3:-:100363452:-	99.08
3:-:100365263:-	19.9
3:-:108043300:-	99.97
3:-:108047067:-	5.66
3:-:108550306:-	76.01
3:-:108550957:-	27.21
3:-:113716461:-	99.98
3:-:113718842:-	56.52
3:-:119821366:-	99.22
3:-:119826678:-	3.22
3:-:120686761:-	97.51
3:-:120689430:-	14.31
3:-:121663189:-	100.0
3:-:121664105:-	35.76
3:-:122739999:-	100.0
3:-:122740263:-	69.9
3:-:125446640:-	100.0
3:-:125447646:-	15.25
3:-:12897221:-	99.95
3:-:12897875:-	70.43
3:-:129430933:-	100.0
3:-:129431282:-	45.98
3:-:129647794:-	100.0
3:-:129650542:-	31.33
3:-:133600606:-	95.98
3:-:133600999:-	48.11
3:-:133824288:-	98.94
3:-:133828511:-	7.41
3:-:134477706:-	100.0
3:-:134478479:-	23.47
3:-:138652699:-	100.0
3:-:138654018:-	53.36
3:-:138654851:-	23.9
3:-:141944415:-	100.0
3:-:141952416:-	3.39
3:-:146515181:-	99.89
3:-:146515801:-	32.65
3:-:149517236:-	99.97
3:-:149520592:-	10.6
3:-:149738477:-	99.78
3:-:149741000:-	22.13
3:-:150542000:-	99.76
3:-:150544219:-	11.18
3:-:15095672:-	99.84
3:-:15095960:-	53.24
3:-:155821006:-	100.0
3:-:155826521:-	25.19
3:-:156540148:-	99.74
3:-:156542960:-	9.9
3:-:16257979:-	99.96
3:-:16260390:-	15.43
3:-:170087623:-	99.6
3:-:170096893:-	5.02
3:-:170865421:-	66.91
3:-:170866251:-	16.61
3:-:171061341:-	99.92
3:-:171062755:-	46.08
3:-:171600405:-	100.0
3:-:171602802:-	17.29
3:-:180983712:-	99.7
3:-:180984510:-	20.06
3:-:190305705:-	99.85
3:-:190307927:-	18.73
3:-:196935408:-	99.94
3:-:196936855:-	13.6
3:-:24117787:-	89.49
3:-:24122833:-	4.91
3:-:25718945:-	100.0
3:-:25719253:-	55.43
3:-:32525987:-	98.29
3:-:32526763:-	15.57
3:-:33496249:-	99.84
3:-:33497753:-	39.02
3:-:37052675:-	98.55
3:-:37053721:-	18.45
3:-:44748739:-	100.0
3:-:44753245:-	6.4
3:-:44925169:-	83.87
3:-:44926544:-	15.18
3:-:47585354:-	97.3
3:-:47585894:-	79.51
3:-:49029711:-	99.57
3:-:49030251:-	42.0
3:-:53224714:-	99.43
3:-:53225696:-	19.27
3:-:53812336:-	99.98
3:-:53816373:-	31.1
3:-:53884422:-	98.96
3:-:53885273:-	25.09
3:-:57571352:-	100.0
3:-:57572076:-	23.55
3:-:62398332:-	100.0
3:-:62398969:-	49.2
3:-:65353527:-	99.94
3:-:65356161:-	26.94
3:-:69019829:-	99.94
3:-:69023086:-	6.73
3:-:70954695:-	99.96
3:-:70956782:-	55.54
3:-:70958670:-	15.36
3:-:72371826:-	99.99
3:-:72374592:-	59.39
3:-:88051940:-	100.0
3:-:88055415:-	14.41
3:-:8877076:-	100.0
3:-:8879872:-	36.22
3:-:98795953:-	99.69
3:-:98798374:-	37.63
3:-:9962682:-	91.27
3:-:9963881:-	19.08
4:+:108034562:+	34.62
4:+:108035167:+	99.25
4:+:108630035:+	3.83
4:+:108630410:+	99.49
4:+:109687714:+	16.3
4:+:109688741:+	100.0
4:+:112187151:+	5.36
4:+:112195254:+	99.98
4:+:112268670:+	27.48
4:+:112270061:+	100.0
4:+:122892492:+	4.68
4:+:122898221:+	99.75
4:+:140382550:+	33.35
4:+:140385726:+	100.0
4:+:146189810:+	9.87
4:+:146191533:+	99.9
4:+:152911863:+	78.47
4:+:152912355:+	99.91
4:+:15686603:+	8.74
4:+:15690445:+	100.0
4:+:158708719:+	28.25
4:+:158709179:+	64.76
4:+:169721005:+	33.54
4:+:169723183:+	100.0
4:+:176328349:+	3.73
4:+:176332268:+	100.0
4:+:183447632:+	73.19
4:+:183448193:+	99.76
4:+:183712863:+	26.59
4:+:183713587:+	99.5
4:+:1979795:+	32.45
4:+:1982192:+	99.61
4:+:20727547:+	24.51
4:+:20728349:+	99.25
4:+:25370043:+	74.2
4:+:25370396:+	100.0
4:+:26431246:+	12.51
4:+:26435128:+	100.0
4:+:2837040:+	45.19
4:+:2841095:+	99.99
4:+:30730987:+	10.58
4:+:30732971:+	99.91
4:+:3240657:+	19.74
4:+:3243956:+	99.93
4:+:38697649:+	14.29
4:+:38701057:+	100.0
4:+:39115391:+	19.85
4:+:39115992:+	71.04
4:+:39477649:+	24.02
4:+:39478099:+	42.43
4:+:39778628:+	6.07
4:+:39782788:+	99.91
4:+:41954474:+	6.23
4:+:41960558:+	99.78
4:+:42087570:+	33.89
4:+:42090475:+	100.0
4:+:44698770:+	9.52
4:+:44700928:+	100.0
4:+:47592896:+	75.87
4:+:47593418:+	97.22
4:+:55370300:+	14.36
4:+:55373050:+	98.59
4:+:7056657:+	66.72
4:+:7057909:+	98.89
4:+:75047462:+	32.72
4:+:75050135:+	100.0
4:+:766604:+	12.43
4:+:770109:+	88.48
4:+:77031033:+	18.24
4:+:77031949:+	84.81
4:+:83461422:+	25.64
4:+:83462293:+	99.58
4:+:84650113:+	55.91
4:+:84651341:+	100.0
4:+:87458345:+	31.2
4:+:87459454:+	100.0
4:+:94664210:+	5.48
4:+:94668220:+	99.84
4:+:98442664:+	36.06
4:+:98443857:+	99.79
4:-:10074340:-	100.0
4:-:10075155:-	28.82
4:-:102794384:-	100.0
4:-:102795977:-	48.23
4:-:102796663:-	25.93
4:-:105369061:-	100.0
4:-:105369568:-	26.84
4:-:112274541:-	100.0
4:-:112277084:-	34.69
4:-:118280039:-	99.95
4:-:118281716:-	23.93
4:-:119297055:-	73.06
4:-:119298441:-	14.36
4:-:120055627:-	99.59
4:-:120059467:-	17.6
4:-:121816445:-	100.0
4:-:121817370:-	25.52
4:-:127917806:-	99.77
4:-:127920321:-	16.98
4:-:128269252:-	99.54
4:-:128270899:-	23.71
4:-:140620772:-	99.67
4:-:140622082:-	38.83
4:-:145133651:-	99.96
4:-:145137166:-	29.69
4:-:148078765:-	100.0
4:-:148080857:-	23.51
4:-:153780592:-	100.0
4:-:153781178:-	49.66
4:-:154535006:-	100.0
4:-:154536431:-	18.06
4:-:155342644:-	100.0
4:-:155347425:-	9.14
4:-:15604531:-	100.0
4:-:15605008:-	62.41
4:-:158666677:-	100.0
4:-:158669065:-	22.77
4:-:158709136:-	99.71
4:-:158709663:-	23.44
4:-:168987593:-	99.89
4:-:168989997:-	12.12
4:-:174490176:-	100.0
4:-:174491068:-	53.52
4:-:177430777:-	99.33
4:-:177431564:-	23.58
4:-:1811523:-	98.58
4:-:1814270:-	9.82
4:-:25747434:-	99.91
4:-:25748319:-	21.73
4:-:39287456:-	100.0
4:-:39288217:-	45.21
4:-:39498760:-	99.67
4:-:39499541:-	47.57
4:-:4235542:-	100.0
4:-:4235925:-	46.43
4:-:42408377:-	100.0
4:-:42412203:-	17.49
4:-:47847243:-	100.0
4:-:47848145:-	17.55
4:-:55427905:-	99.97
4:-:55434827:-	9.98
4:-:73052364:-	99.97
4:-:73056065:-	37.51
4:-:75479105:-	98.13
4:-:75481997:-	18.46
4:-:75642787:-	99.83
4:-:75644639:-	36.43
4:-:76158723:-	100.0
4:-:76161381:-	12.25
4:-:77713388:-	99.99
4:-:77718024:-	36.1
4:-:82422570:-	99.78
4:-:82423185:-	73.26
4:-:82424540:-	14.83
4:-:83263826:-	99.63
4:-:83264099:-	49.07
4:-:84669598:-	100.0
4:-:84672294:-	20.57
4:-:88257609:-	100.0
4:-:88261941:-	15.36
4:-:88725962:-	99.74
4:-:88726478:-	80.67
4:-:89724105:-	99.77
4:-:89726137:-	20.45
4:-:99070958:-	100.0
4:-:99072149:-	19.74
5:+:10264961:+	17.42
5:+:10266388:+	98.63
5:+:103029587:+	31.59
5:+:103031102:+	99.86
5:+:10433999:+	5.97
5:+:10437848:+	62.62
5:+:10440387:+	99.99
5:+:113594125:+	35.44
5:+:113595298:+	100.0
5:+:116292749:+	35.72
5:+:116293286:+	99.88
5:+:119394443:+	23.69
5:+:119399682:+	99.91
5:+:123615441:+	40.76
5:+:123616768:+	89.92
5:+:123617003:+	98.63
5:+:127552323:+	18.24
5:+:127555080:+	99.73
5:+:128187022:+	16.5
5:+:128189687:+	99.97
5:+:129113279:+	35.8
5:+:129114041:+	100.0
5:+:131200042:+	8.68
5:+:131205431:+	100.0
5:+:133104498:+	12.0
5:+:133106447:+	99.91
5:+:134751521:+	54.42
5:+:134752159:+	99.93
5:+:134899919:+	21.16
5:+:134901524:+	99.95
5:+:136179502:+	40.13
5:+:136182733:+	99.98
5:+:139369030:+	29.77
5:+:139369733:+	100.0
5:+:142151934:+	7.48
5:+:142154457:+	100.0
5:+:143224157:+	27.05
5:+:143229006:+	99.92
5:+:146511507:+	70.15
5:+:146511909:+	96.58
5:+:149351362:+	12.14
5:+:149354582:+	99.97
5:+:151269238:+	61.78
5:+:151270396:+	98.6
5:+:154456145:+	4.77
5:+:154461052:+	99.96
5:+:154875779:+	32.6
5:+:154876791:+	99.93
5:+:157739816:+	23.31
5:+:157741446:+	99.91
5:+:157755316:+	7.91
5:+:157760709:+	100.0
5:+:168469757:+	24.03
5:+:168472309:+	100.0
5:+:173035024:+	59.56
5:+:173035449:+	100.0
5:+:174729881:+	41.67
5:+:174730892:+	99.94
5:+:175526924:+	9.24
5:+:175529702:+	98.71
5:+:177295756:+	30.17
5:+:177300212:+	100.0
5:+:178148517:+	21.14
5:+:178150565:+	100.0
5:+:179837394:+	58.37
5:+:179838075:+	99.82
5:+:180576819:+	64.1
5:+:180578404:+	99.98
5:+:33468085:+	26.57
5:+:33469532:+	99.65
5:+:34925620:+	51.23
5:+:34925995:+	99.87
5:+:37065200:+	35.55
5:+:37066422:+	100.0
5:+:37752670:+	19.45
5:+:37753436:+	100.0
5:+:55424979:+	30.16
5:+:55425578:+	99.65
5:+:57263135:+	25.98
5:+:57264672:+	99.66
5:+:61544475:+	37.58
5:+:61546171:+	100.0
5:+:62627508:+	24.86
5:+:62628581:+	100.0
5:+:65664765:+	15.14
5:+:65666231:+	99.88
5:+:69177694:+	23.05
5:+:69178265:+	100.0
5:+:69209946:+	36.87
5:+:69210356:+	99.85
5:+:69229466:+	28.09
5:+:69230052:+	91.65
5:+:72359233:+	10.11
5:+:72368394:+	99.99
5:+:73941187:+	29.94
5:+:73941989:+	99.74
5:+:75598038:+	3.27
5:+:75599738:+	56.21
5:+:75601139:+	99.84
5:+:7900616:+	57.76
5:+:7901130:+	100.0
5:+:79685350:+	10.48
5:+:79686640:+	99.45
5:+:83581458:+	57.69
5:+:83582296:+	99.65
5:+:87391634:+	73.76
5:+:87391915:+	98.59
5:+:91164229:+	68.29
5:+:91164435:+	99.7
5:+:94695649:+	29.34
5:+:94697603:+	99.36
5:+:95732219:+	40.43
5:+:95732499:+	71.78
5:+:95788986:+	36.17
5:+:95789382:+	99.84
5:+:97029035:+	6.95
5:+:97037523:+	100.0
5:+:98793847:+	22.38
5:+:98796492:+	99.94
5:-:103548856:-	99.95
5:-:103550857:-	5.43
5:-:107376896:-	99.84
5:-:107380980:-	8.85
5:-:115520890:-	100.0
5:-:115522746:-	60.74
5:-:132191996:-	87.29
5:-:132192613:-	37.65
5:-:132692633:-	99.88
5:-:132696546:-	3.38
5:-:132756005:-	100.0
5:-:132758144:-	24.15
5:-:132996988:-	99.84
5:-:132998346:-	27.06
5:-:138506080:-	100.0
5:-:138507411:-	42.33
5:-:138507961:-	18.5
5:-:138946725:-	99.34
5:-:138946990:-	64.19
5:-:139410194:-	100.0
5:-:139414055:-	5.34
5:-:141639303:-	99.96
5:-:141640982:-	25.73
5:-:144158167:-	99.67
5:-:144159275:-	53.52
5:-:146113019:-	100.0
5:-:146113911:-	31.01
5:-:150443420:-	80.24
5:-:150444269:-	7.3
5:-:151661450:-	85.86
5:-:151662436:-	46.49
5:-:160091320:-	100.0
5:-:160092918:-	41.81
5:-:160401642:-	99.95
5:-:160403152:-	17.16
5:-:16473039:-	100.0
5:-:16474569:-	30.33
5:-:172209646:-	99.77
5:-:172211634:-	22.95
5:-:173314708:-	100.0
5:-:173317355:-	25.27
5:-:180233146:-	99.91
5:-:180233580:-	87.09
5:-:180235752:-	22.9
5:-:31400515:-	98.77
5:-:31401301:-	24.69
5:-:32227009:-	99.55
5:-:32229643:-	21.02
5:-:32354351:-	99.94
5:-:32355725:-	13.52
5:-:37106238:-	99.36
5:-:37107421:-	23.08
5:-:37288105:-	100.0
5:-:37291724:-	8.01
5:-:40714476:-	99.95
5:-:40715862:-	31.47
5:-:40759390:-	99.7
5:-:40762762:-	7.16
5:-:41730066:-	99.94
5:-:41731526:-	14.36
5:-:43289396:-	99.95
5:-:43291038:-	10.02
5:-:43526270:-	99.75
5:-:43527194:-	22.94
5:-:53095684:-	99.83
5:-:53098068:-	20.07
5:-:55935099:-	100.0
5:-:55936646:-	76.98
5:-:58969024:-	100.0
5:-:58974014:-	17.62
5:-:62387231:-	100.0
5:-:62388530:-	28.7
5:-:64718153:-	99.86
5:-:64724125:-	6.98
5:-:65665930:-	99.95
5:-:65670075:-	6.39
5:-:69350985:-	99.92
5:-:69351794:-	36.22
5:-:73552336:-	99.81
5:-:73552659:-	37.45
5:-:77430920:-	100.0
5:-:77432196:-	46.11
5:-:77433041:-	10.43
5:-:78000603:-	96.92
5:-:78002327:-	28.8
5:-:78777208:-	100.0
5:-:78779777:-	25.64
5:-:82273759:-	86.16
5:-:82276065:-	6.59
5:-:90392341:-	95.67
5:-:90393826:-	15.27
5:-:95885100:-	99.95
5:-:95887370:-	41.59
5:-:97160868:-	99.96
5:-:97162921:-	12.93
5:-:97166749:-	99.76
5:-:97167307:-	54.98
6:+:106652778:+	22.99
6:+:106653658:+	87.84
6:+:106666360:+	21.97
6:+:106668410:+	99.73
6:+:107659609:+	71.55
6:+:107660139:+	98.57
6:+:109156019:+	8.49
6:+:109156796:+	37.29
6:+:110230224:+	11.91
6:+:110232228:+	100.0
6:+:110894128:+	29.24
6:+:110895708:+	100.0
6:+:111025590:+	26.93
6:+:111026099:+	99.86
6:+:111223033:+	11.22
6:+:111231194:+	100.0
6:+:11135810:+	32.51
6:+:11138701:+	99.26
6:+:11577419:+	24.57
6:+:11583522:+	99.98
6:+:116593290:+	6.62
6:+:116596690:+	79.02
6:+:118907798:+	22.48
6:+:118909106:+	96.55
6:+:12164739:+	84.91
6:+:12164998:+	100.0
6:+:122432367:+	37.07
6:+:122432969:+	87.45
6:+:122725890:+	61.29
6:+:122726372:+	100.0
6:+:125083718:+	8.75
6:+:125092629:+	99.96
6:+:125263464:+	40.09
6:+:125264404:+	99.81
6:+:125759935:+	38.04
6:+:125761268:+	99.95
6:+:130140109:+	27.17
6:+:130141448:+	99.95
6:+:131891018:+	14.08
6:+:131895153:+	99.96
6:+:133529581:+	25.24
6:+:133532119:+	100.0
6:+:133987504:+	15.67
6:+:133990428:+	99.88
6:+:142219076:+	9.35
6:+:142219750:+	20.24
6:+:142220775:+	36.79
6:+:142224682:+	99.89
6:+:149074256:+	13.43
6:+:149076989:+	99.97
6:+:149810701:+	10.68
6:+:149811289:+	83.73
6:+:151356773:+	36.98
6:+:151358557:+	100.0
6:+:158192373:+	5.39
6:+:158199343:+	99.99
6:+:159748543:+	28.63
6:+:159749423:+	100.0
6:+:170405077:+	13.53
6:+:170407090:+	100.0
6:+:24533811:+	8.24
6:+:24537206:+	99.97
6:+:26394007:+	65.32
6:+:26394870:+	99.84
6:+:26599147:+	35.6
6:+:26600738:+	99.76
6:+:30493037:+	19.84
6:+:30494193:+	99.18
6:+:30724576:+	59.27
6:+:30725426:+	100.0
6:+:3153115:+	56.94
6:+:3153590:+	100.0
6:+:36110758:+	83.27
6:+:36111235:+	99.96
6:+:36140050:+	14.47
6:+:36144519:+	99.9
6:+:37391231:+	12.26
6:+:37394737:+	99.97
6:+:41600626:+	51.13
6:+:41602383:+	100.0
6:+:42691282:+	10.15
6:+:42693504:+	100.0
6:+:44447050:+	11.62
6:+:44449024:+	63.3
6:+:46144044:+	22.46
6:+:46146698:+	99.97
6:+:46677013:+	23.77
6:+:46678188:+	99.87
6:+:4954257:+	21.82
6:+:4955543:+	99.76
6:+:63713999:+	61.96
6:+:63714457:+	73.72
6:+:63715480:+	99.97
6:+:70588852:+	24.87
6:+:70589571:+	100.0
6:+:70861166:+	53.25
6:+:70862011:+	99.78
6:+:71302285:+	11.89
6:+:71308952:+	100.0
6:+:73823929:+	9.71
6:+:73828312:+	99.92
6:+:75678975:+	15.61
6:+:75679866:+	99.91
6:+:7609048:+	7.13
6:+:7611964:+	99.9
6:+:80343987:+	12.43
6:+:80346270:+	100.0
6:+:87340579:+	20.97
6:+:87342325:+	99.86
6:+:89631495:+	31.25
6:+:89633831:+	99.91
6:-:100508179:-	100.0
6:-:100508767:-	56.61
6:-:105322260:-	99.42
6:-:105322892:-	25.67
6:-:107867758:-	99.95
6:-:107870766:-	26.44
6:-:107871418:-	10.51
6:-:108211209:-	100.0
6:-:108211514:-	70.84
6:-:10980742:-	100.0
6:-:10983357:-	17.38
6:-:111660334:-	99.88
6:-:111661277:-	41.52
6:-:119177195:-	100.0
6:-:119178826:-	40.71
6:-:119179801:-	5.27
6:-:127288714:-	99.87
6:-:127289734:-	34.74
6:-:127968771:-	100.0
6:-:127970046:-	15.56
6:-:132296090:-	98.32
6:-:132296856:-	36.99
6:-:133988741:-	98.32
6:-:133990488:-	31.43
6:-:134963978:-	26.73
6:-:134964722:-	11.58
6:-:136256869:-	99.86
6:-:136258456:-	62.54
6:-:136260873:-	5.71
6:-:136342735:-	76.81
6:-:136344077:-	8.27
6:-:13786536:-	100.0
6:-:13790789:-	1.76
6:-:138903487:-	100.0
6:-:138904873:-	15.8
6:-:139371799:-	100.0
6:-:139372582:-	63.65
6:-:142751456:-	100.0
6:-:142752751:-	47.7
6:-:143494851:-	96.14
6:-:143495526:-	31.05
6:-:159669070:-	99.9
6:-:159679064:-	26.32
6:-:159682315:-	2.39
6:-:159778499:-	99.87
6:-:159779015:-	32.33
6:-:170581079:-	100.0
6:-:170582883:-	14.5
6:-:28903003:-	99.94
6:-:28903837:-	49.82
6:-:32659435:-	100.0
6:-:32659881:-	45.28
6:-:33064571:-	99.74
6:-:33065015:-	42.75
6:-:33067655:-	100.0
6:-:33068642:-	14.17
6:-:33696769:-	99.19
6:-:33697494:-	25.96
6:-:35585289:-	27.88
6:-:35586847:-	4.13
6:-:41064773:-	100.0
6:-:41066475:-	36.14
6:-:41066789:-	24.35
6:-:42224931:-	100.0
6:-:42225700:-	79.43
6:-:42228155:-	13.77
6:-:43522339:-	99.46
6:-:43523847:-	9.49
6:-:44258171:-	99.55
6:-:44258674:-	54.6
6:-:44828735:-	99.73
6:-:44829719:-	12.34
6:-:485156:-	98.59
6:-:486088:-	41.48
6:-:5104095:-	78.23
6:-:5108420:-	15.54
6:-:5109045:-	6.48
6:-:53001344:-	98.39
6:-:53004929:-	9.32
6:-:56457981:-	100.0
6:-:56458892:-	29.22
6:-:73515752:-	100.0
6:-:73517514:-	19.29
6:-:79914820:-	99.61
6:-:79915668:-	58.69
6:-:83164876:-	99.93
6:-:83168911:-	9.28
6:-:83210393:-	99.77
6:-:83211750:-	20.22
6:-:85505480:-	100.0
6:-:85505783:-	42.4
6:-:88610269:-	100.0
6:-:88612100:-	29.95
6:-:89095960:-	99.97
6:-:89098494:-	15.19
6:-:89326628:-	99.91
6:-:89327141:-	84.52
6:-:89328071:-	56.62
6:-:89329612:-	10.38
6:-:89364637:-	99.97
6:-:89367875:-	9.32
6:-:90513550:-	100.0
6:-:90515780:-	28.8
6:-:93240010:-	100.0
6:-:93243040:-	14.19
6:-:96889316:-	99.86
6:-:96891015:-	18.13
6:-:97142162:-	99.98
6:-:97146512:-	7.95
6:-:99482262:-	100.0
6:-:99482683:-	32.32
7:+:103312413:+	20.02
7:+:103313240:+	100.0
7:+:103368202:+	20.43
7:+:103369394:+	100.0
7:+:107759579:+	40.62
7:+:107761680:+	100.0
7:+:112475670:+	13.61
7:+:112476189:+	42.91
7:+:112477197:+	99.83
7:+:116559440:+	22.11
7:+:116561176:+	99.64
7:+:116918651:+	21.4
7:+:116922047:+	99.95
7:+:118192150:+	26.18
7:+:118192824:+	100.0
7:+:120975656:+	37.1
7:+:120977231:+	100.0
7:+:12689176:+	36.51
7:+:12690915:+	99.31
7:+:128769313:+	10.39
7:+:128771473:+	99.83
7:+:129483124:+	35.82
7:+:129483629:+	99.75
7:+:131487976:+	4.1
7:+:131496631:+	99.94
7:+:139189797:+	17.9
7:+:139191985:+	100.0
7:+:141653899:+	45.28
7:+:141655241:+	99.88
7:+:155308709:+	23.53
7:+:155310233:+	100.0
7:+:155462887:+	20.86
7:+:155464848:+	100.0
7:+:156969846:+	8.7
7:+:156973170:+	99.67
7:+:23175417:+	35.97
7:+:23177912:+	99.95
7:+:23309507:+	6.4
7:+:23311141:+	75.23
7:+:24687891:+	6.72
7:+:24694191:+	99.97
7:+:26186309:+	68.35
7:+:26187132:+	100.0
7:+:27828822:+	17.14
7:+:27829765:+	100.0
7:+:30080702:+	34.79
7:+:30084649:+	99.77
7:+:32584193:+	8.17
7:+:32588709:+	99.96
7:+:35904418:+	5.79
7:+:35905305:+	36.89
7:+:35906265:+	70.55
7:+:39706318:+	9.79
7:+:39708116:+	99.6
7:+:43625275:+	33.17
7:+:43626802:+	100.0
7:+:43953564:+	26.24
7:+:43956130:+	99.83
7:+:44801641:+	19.39
7:+:44803116:+	99.95
7:+:5231678:+	27.95
7:+:5233854:+	100.0
7:+:55431527:+	12.0
7:+:55433736:+	99.76
7:+:6402616:+	18.11
7:+:6403966:+	99.34
7:+:66956152:+	21.34
7:+:66958550:+	99.97
7:+:76048647:+	15.25
7:+:76049046:+	99.79
7:+:76066493:+	17.51
7:+:76067506:+	100.0
7:+:80218040:+	35.13
7:+:80219403:+	100.0
7:+:8086799:+	20.95
7:+:8089090:+	100.0
7:+:87908312:+	47.61
7:+:87909550:+	100.0
7:+:93359025:+	25.28
7:+:93360985:+	95.15
7:+:99630904:+	53.26
7:+:99632408:+	100.0
7:-:101313697:-	82.78
7:-:101314728:-	28.97
7:-:102473131:-	97.71
7:-:102473452:-	41.09
7:-:105456504:-	100.0
7:-:105457655:-	19.11
7:-:106090535:-	97.77
7:-:106091685:-	17.75
7:-:108147651:-	100.0
7:-:108149653:-	19.82
7:-:10931931:-	100.0
7:-:10933556:-	7.78
7:-:112762820:-	91.83
7:-:112765734:-	37.5
7:-:112767086:-	12.29
7:-:113116720:-	99.78
7:-:113117285:-	36.29
7:-:121348853:-	99.88
7:-:121350363:-	11.06
7:-:123537000:-	99.94
7:-:123541030:-	22.8
7:-:123541971:-	4.79
7:-:124746001:-	99.7
7:-:124746395:-	70.45
7:-:134289334:-	99.97
7:-:134294609:-	8.19
7:-:141002610:-	100.0
7:-:141006162:-	9.53
7:-:151212491:-	99.94
7:-:151213565:-	36.84
7:-:151213874:-	18.68
7:-:156677841:-	99.22
7:-:156681582:-	40.51
7:-:17790747:-	100.0
7:-:17792842:-	40.92
7:-:17793424:-	24.51
7:-:22812591:-	100.0
7:-:22813026:-	26.89
7:-:26189928:-	99.96
7:-:26191889:-	18.66
7:-:2728098:-	100.0
7:-:2728599:-	86.29
7:-:27830556:-	100.0
7:-:27832502:-	19.62
7:-:32485339:-	99.64
7:-:32487037:-	13.1
7:-:36355197:-	99.96
7:-:36356807:-	32.73
7:-:38722950:-	100.0
7:-:38725554:-	22.89
7:-:44379111:-	100.0
7:-:44383592:-	36.09
7:-:44565418:-	99.85
7:-:44565805:-	41.48
7:-:50590052:-	100.0
7:-:50592581:-	17.0
7:-:6022234:-	100.0
7:-:6023805:-	38.82
7:-:8113187:-	99.65
7:-:8113776:-	31.24
7:-:87833569:-	99.96
7:-:87836100:-	9.38
7:-:91871607:-	82.33
7:-:91872879:-	49.17
7:-:93993245:-	99.74
7:-:93994223:-	14.25
7:-:98291651:-	100.0
7:-:98293193:-	20.76
7:-:99027441:-	99.91
7:-:99030308:-	11.58
7:-:99394967:-	99.78
7:-:99395987:-	42.41
7:-:99890404:-	100.0
7:-:99890901:-	78.79
8:+:103069010:+	8.16
8:+:103073049:+	99.95
8:+:106707179:+	60.96
8:+:106707690:+	100.0
8:+:11322718:+	1.7
8:+:11323213:+	10.65
8:+:11328157:+	100.0
8:+:119243815:+	17.68
8:+:119245671:+	99.91
8:+:120050517:+	70.19
8:+:120050917:+	100.0
8:+:135647198:+	32.65
8:+:135647623:+	100.0
8:+:141194248:+	12.07
8:+:141195821:+	100.0
8:+:143652392:+	40.43
8:+:143656418:+	100.0
8:+:144843220:+	77.17
8:+:144843686:+	96.44
8:+:17295276:+	9.55
8:+:17298023:+	99.97
8:+:18027772:+	5.85
8:+:18029959:+	100.0
8:+:22104379:+	74.93
8:+:22104910:+	100.0
8:+:22251166:+	18.34
8:+:22254394:+	95.1
8:+:22620489:+	45.39
8:+:22620771:+	60.42
8:+:23572191:+	20.76
8:+:23575461:+	99.95
8:+:25412255:+	23.48
8:+:25415708:+	99.82
8:+:26410991:+	22.7
8:+:26413127:+	99.93
8:+:30106187:+	15.91
8:+:30108064:+	83.45
8:+:38139702:+	66.16
8:+:38139964:+	89.62
8:+:38211019:+	30.72
8:+:38213240:+	98.15
8:+:38260813:+	9.88
8:+:38262766:+	100.0
8:+:41510224:+	46.08
8:+:41510943:+	97.77
8:+:41621933:+	25.33
8:+:41622978:+	50.77
8:+:42331904:+	56.95
8:+:42332447:+	88.16
8:+:42552996:+	17.09
8:+:42555139:+	97.96
8:+:43201823:+	70.24
8:+:43202840:+	99.57
8:+:48061677:+	24.73
8:+:48064706:+	99.95
8:+:56010404:+	11.66
8:+:56011380:+	34.56
8:+:56014169:+	100.0
8:+:56217419:+	6.06
8:+:56218794:+	99.73
8:+:58147700:+	62.25
8:+:58148783:+	99.83
8:+:60866928:+	63.43
8:+:60868031:+	100.0
8:+:63210640:+	30.87
8:+:63212785:+	100.0
8:+:67195798:+	46.54
8:+:67196277:+	100.0
8:+:75032586:+	16.72
8:+:75034546:+	99.49
8:+:78603176:+	40.7
8:+:78605266:+	99.97
8:+:86558752:+	14.48
8:+:86561498:+	100.0
8:+:89790462:+	38.98
8:+:89791057:+	99.39
8:+:9030903:+	31.28
8:+:9033346:+	100.0
8:+:94706443:+	33.66
8:+:94707464:+	99.87
8:+:94790393:+	15.84
8:+:94791844:+	51.31
8:+:94793833:+	99.93
8:+:96334546:+	30.8
8:+:96336981:+	99.6
8:+:97725245:+	15.49
8:+:97726263:+	39.89
8:+:97728576:+	95.35
8:+:9778906:+	39.62
8:+:9782345:+	99.98
8:+:97852594:+	74.09
8:+:97852832:+	88.81
8:+:98158409:+	35.75
8:+:98159834:+	100.0
8:-:100916524:-	100.0
8:-:100918547:-	52.16
8:-:101197028:-	100.0
8:-:101198915:-	14.69
8:-:115408499:-	99.95
8:-:115413908:-	17.86
8:-:116642133:-	99.9
8:-:116644817:-	9.65
8:-:11842527:-	99.89
8:-:11844279:-	34.98
8:-:119557086:-	100.0
8:-:119557392:-	49.5
8:-:119730775:-	100.0
8:-:119731239:-	67.14
8:-:119833963:-	100.0
8:-:119834659:-	33.01
8:-:123319853:-	99.77
8:-:123320501:-	50.9
8:-:123320991:-	13.95
8:-:13083363:-	99.92
8:-:13085487:-	17.31
8:-:140520159:-	99.97
8:-:140531763:-	3.25
8:-:144850165:-	100.0
8:-:144850456:-	76.36
8:-:17231570:-	100.0
8:-:17232360:-	18.39
8:-:24950958:-	100.0
8:-:24952376:-	28.92
8:-:27597027:-	91.75
8:-:27597997:-	19.04
8:-:27733318:-	99.76
8:-:27735090:-	39.39
8:-:30678043:-	100.0
8:-:30679444:-	13.89
8:-:38411144:-	99.81
8:-:38412846:-	35.97
8:-:42416477:-	99.87
8:-:42417517:-	30.21
8:-:42836675:-	99.94
8:-:42837844:-	29.65
8:-:42853307:-	99.81
8:-:42855874:-	17.74
8:-:51817570:-	100.0
8:-:51820208:-	16.23
8:-:52622445:-	100.0
8:-:52622890:-	68.55
8:-:56957937:-	99.93
8:-:56963506:-	9.12
8:-:61500557:-	99.97
8:-:61501230:-	77.18
8:-:61623753:-	98.33
8:-:61624525:-	68.3
8:-:65717608:-	95.07
8:-:65718365:-	56.95
8:-:66628489:-	99.97
8:-:66634276:-	15.93
8:-:67197674:-	98.28
8:-:67198348:-	51.79
8:-:70573446:-	99.74
8:-:70574826:-	11.51
8:-:73420371:-	99.82
8:-:73420917:-	50.05
8:-:73945291:-	90.91
8:-:73946588:-	13.84
8:-:80628452:-	99.99
8:-:80636498:-	38.23
8:-:86472350:-	100.0
8:-:86474093:-	13.24
8:-:89933335:-	100.0
8:-:89935432:-	7.95
8:-:90622001:-	99.84
8:-:90623585:-	58.89
8:-:90993797:-	99.95
8:-:90995447:-	18.47
8:-:94487693:-	100.0
8:-:94488521:-	29.11
8:-:98454637:-	99.56
8:-:98455033:-	70.66
9:+:101562853:+	55.32
9:+:101563342:+	99.82
9:+:105391440:+	28.96
9:+:105397344:+	99.98
9:+:105774358:+	17.98
9:+:105776611:+	99.96
9:+:112470604:+	8.74
9:+:112471695:+	63.87
9:+:112472404:+	99.7
9:+:125363339:+	15.95
9:+:125365003:+	52.11
9:+:125367207:+	100.0
9:+:130233647:+	15.25
9:+:130237291:+	99.7
9:+:131233701:+	20.5
9:+:131234661:+	99.83
9:+:131498151:+	53.98
9:+:131500207:+	100.0
9:+:132689462:+	9.58
9:+:132690827:+	32.05
9:+:132694952:+	99.95
9:+:134028113:+	35.43
9:+:134031587:+	100.0
9:+:37861966:+	12.64
9:+:37867681:+	100.0
9:+:4860433:+	32.87
9:+:4861025:+	95.85
9:+:5775251:+	49.46
9:+:5776573:+	100.0
9:+:70352369:+	6.63
9:+:70354873:+	99.44
9:+:77417365:+	25.24
9:+:77421537:+	99.93
9:+:90896166:+	21.14
9:+:90898549:+	100.0
9:+:97600156:+	24.81
9:+:97601253:+	76.85
9:+:97601741:+	100.0
9:+:97671783:+	26.07
9:+:97673762:+	100.0
9:+:98849385:+	38.41
9:+:98850080:+	99.91
9:-:108867521:-	99.76
9:-:108868618:-	33.91
9:-:109015137:-	100.0
9:-:109020105:-	7.47
9:-:109239729:-	100.0
9:-:109240158:-	79.38
9:-:109241440:-	17.78
9:-:110873264:-	99.96
9:-:110874984:-	30.04
9:-:111360689:-	100.0
9:-:111361875:-	19.92
9:-:120756967:-	100.0
9:-:120759185:-	71.86
9:-:120764231:-	7.83
9:-:125146574:-	100.0
9:-:125148980:-	28.14
9:-:125234855:-	99.91
9:-:125236194:-	41.75
9:-:128819637:-	100.0
9:-:128822072:-	23.83
9:-:129812943:-	100.0
9:-:129813581:-	50.16
9:-:129895265:-	100.0
9:-:129895820:-	24.18
9:-:132261357:-	99.97
9:-:132263895:-	30.06
9:-:132891350:-	100.0
9:-:132895874:-	16.3
9:-:135808488:-	99.97
9:-:135810427:-	37.92
9:-:19053144:-	99.97
9:-:19055531:-	26.79
9:-:19057669:-	55.91
9:-:19057885:-	46.85
9:-:19375915:-	70.33
9:-:19376256:-	19.73
9:-:27325210:-	99.98
9:-:27329122:-	27.64
9:-:32553001:-	99.79
9:-:32553764:-	19.13
9:-:32972607:-	100.0
9:-:32973380:-	26.1
9:-:33041754:-	100.0
9:-:33044967:-	43.01
9:-:33046553:-	14.88
9:-:33047152:-	4.26
9:-:33252457:-	100.0
9:-:33255060:-	8.73
9:-:35056053:-	100.0
9:-:35056564:-	56.32
9:-:35056913:-	26.5
9:-:5299868:-	100.0
9:-:5300125:-	55.46
9:-:74946584:-	99.82
9:-:74946956:-	76.94
9:-:74947619:-	36.16
9:-:77716162:-	98.62
9:-:77720262:-	23.07
9:-:7796489:-	100.0
9:-:7798329:-	14.38
9:-:8314247:-	100.0
9:-:8317268:-	18.26
9:-:83659971:-	99.6
9:-:83661431:-	25.75
9:-:83968084:-	100.0
9:-:83969012:-	31.61
9:-:86026131:-	100.0
9:-:86027700:-	11.0
9:-:86264501:-	100.0
9:-:86265768:-	25.07
9:-:92613188:-	99.86
9:-:92614558:-	52.19
9:-:96639580:-	99.87
9:-:96641476:-	17.79
9:-:97029679:-	100.0
9:-:97032640:-	12.14
X:+:102752438:+	77.24
X:+:102753539:+	99.98
X:+:104191444:+	29.18
X:+:104195894:+	99.87
X:+:108154177:+	52.04
X:+:108154670:+	99.9
X:+:111688022:+	5.95
X:+:111688818:+	40.77
X:+:111690168:+	99.83
X:+:118449026:+	12.7
X:+:118449947:+	100.0
X:+:118792361:+	21.6
X:+:118794532:+	99.75
X:+:119583313:+	14.4
X:+:119584422:+	99.77
X:+:124100806:+	11.13
X:+:124102666:+	100.0
X:+:13709677:+	53.58
X:+:13710229:+	84.49
X:+:150987932:+	5.2
X:+:150990773:+	99.93
X:+:151405160:+	5.51
X:+:151409363:+	99.98
X:+:154400912:+	12.88
X:+:154401790:+	66.48
X:+:154473641:+	20.27
X:+:154477778:+	99.98
X:+:19359906:+	19.03
X:+:19361682:+	99.86
X:+:21883204:+	25.8
X:+:21885411:+	99.57
X:+:24211637:+	23.83
X:+:24216083:+	97.16
X:+:43744806:+	17.9
X:+:43746815:+	99.63
X:+:46473535:+	41.28
X:+:46474653:+	100.0
X:+:47247984:+	35.82
X:+:47248327:+	99.81
X:+:48561212:+	53.37
X:+:48562609:+	100.0
X:+:55007825:+	51.5
X:+:55009057:+	100.0
X:+:77905340:+	7.12
X:+:77907389:+	100.0
X:+:85087851:+	4.57
X:+:85093315:+	99.98
X:-:103252988:-	100.0
X:-:103253371:-	62.82
X:-:10445557:-	94.4
X:-:10448387:-	30.18
X:-:119588339:-	99.93
X:-:119588979:-	78.41
X:-:119920673:-	99.98
X:-:119925059:-	7.11
X:-:129803294:-	99.81
X:-:129804939:-	48.39
X:-:133300104:-	99.97
X:-:133301034:-	68.62
X:-:139726349:-	100.0
X:-:139728773:-	7.27
X:-:154021574:-	99.99
X:-:154030307:-	11.58
X:-:18892299:-	100.0
X:-:18892972:-	50.41
X:-:20124527:-	99.76
X:-:20127237:-	28.33
X:-:2219522:-	99.65
X:-:2220751:-	27.95
X:-:31119220:-	99.96
X:-:31121732:-	7.34
X:-:38269165:-	100.0
X:-:38269526:-	45.96
X:-:51490012:-	99.94
X:-:51491012:-	42.44
X:-:64915826:-	98.85
X:-:64916483:-	67.49
X:-:72272045:-	99.59
X:-:72272522:-	34.34
X:-:72578815:-	100.0
X:-:72580617:-	23.68
X:-:77504862:-	100.0
X:-:77505782:-	75.58
X:-:77826367:-	99.9
X:-:77829033:-	7.07
